id,num_members,head_gender,vulnerability_score,resources_food,resources_water,resources_shelter,resources_medicine,marginalized_flag,elderly_count,children_count,disability_flag,distance_to_center,past_aid_received,affected,severity,need_score
H1,6,Female,0.16250000000000003,1.0000000000000002,1.0000000000000002,0.0,1.0,0,0.5,0.6666666666666666,1.0,4.69,1,0,0.0,6.675
H2,7,Female,0.10000000000000003,0.4000000000000001,0.0,1.0,0.0,0,0.0,0.6666666666666666,0.0,1.75,0,0,0.0,4.3
H3,5,Female,0.6375,0.6000000000000001,0.2,1.0,0.0,0,0.5,0.3333333333333333,0.0,4.78,1,1,0.58,5.175
H4,7,Female,0.7125,0.6000000000000001,0.8,0.0,1.0,1,0.5,1.0,0.0,0.78,0,0,0.0,3.075
H5,7,Female,0.03750000000000003,0.0,1.0000000000000002,0.0,0.5,1,0.5,0.3333333333333333,0.0,3.21,2,0,0.0,3.425
H6,4,Male,0.9375,0.2,0.0,0.0,1.0,1,1.0,0.3333333333333333,0.0,0.76,1,0,0.0,2.625
H7,5,Female,0.04999999999999999,0.8,0.0,0.0,1.0,0,0.5,0.6666666666666666,0.0,4.52,2,0,0.0,3.9
H8,5,Male,0.5375,0.8,0.2,0.0,0.5,1,0.0,0.3333333333333333,0.0,2.88,1,0,0.0,1.425
H9,5,Female,0.7125,0.0,0.4000000000000001,1.0,0.5,0,0.0,0.0,0.0,3.51,0,0,0.0,2.075
H10,7,Male,0.875,1.0000000000000002,0.0,1.0,0.0,1,0.5,0.3333333333333333,0.0,4.24,0,1,0.95,5.625
H11,6,Female,0.7125,0.2,0.8,1.0,0.0,1,0.0,0.3333333333333333,0.0,1.18,1,1,0.46,3.7250000000000005
H12,5,Male,0.8,0.4000000000000001,0.0,1.0,1.0,0,1.0,0.6666666666666666,1.0,0.67,1,0,0.0,7.9
H13,7,Female,0.3374999999999999,1.0000000000000002,0.8,0.0,0.5,0,0.5,0.3333333333333333,0.0,4.45,1,0,0.0,2.825
H14,4,Male,0.8125,1.0000000000000002,1.0000000000000002,0.0,0.0,1,0.0,1.0,0.0,1.92,0,0,0.0,1.875
H15,6,Female,0.07500000000000001,0.0,1.0000000000000002,0.0,1.0,1,0.0,0.6666666666666666,1.0,1.08,1,0,0.0,5.85
H16,4,Male,0.9000000000000001,0.0,0.6000000000000001,1.0,0.5,1,0.5,0.3333333333333333,0.0,2.61,1,0,0.0,3.1999999999999997
H17,6,Female,0.55,0.8,0.6000000000000001,1.0,1.0,0,0.0,0.0,0.0,3.19,2,0,0.0,2.4
H18,7,Male,0.8125,0.0,0.8,1.0,0.0,0,0.5,0.0,0.0,0.64,1,0,0.0,2.875
H19,3,Male,0.45000000000000007,0.0,0.4000000000000001,0.0,0.0,0,0.0,0.6666666666666666,0.0,1.74,2,0,0.0,2.0999999999999996
H20,6,Female,0.6375,0.0,0.0,1.0,0.5,1,1.0,0.6666666666666666,0.0,0.65,2,0,0.0,5.225
H21,4,Female,0.525,0.8,0.0,0.0,1.0,0,0.0,0.3333333333333333,0.0,2.39,2,0,0.0,1.45
H22,7,Male,0.7375,0.4000000000000001,0.6000000000000001,0.0,0.5,1,0.0,1.0,0.0,4.53,0,0,0.0,2.025
H23,6,Female,0.08750000000000002,0.4000000000000001,0.8,0.0,0.0,0,0.5,0.3333333333333333,0.0,4.92,2,0,0.0,3.325
H24,3,Male,0.0625,0.0,0.0,0.0,0.0,0,0.0,0.0,0.0,3.37,1,0,0.0,1.875
H25,3,Male,0.25,0.8,0.0,0.0,1.0,0,0.5,1.0,0.0,1.23,0,0,0.0,4.0
H26,5,Male,0.16250000000000003,0.4000000000000001,0.4000000000000001,0.0,1.0,1,1.0,1.0,0.0,4.58,0,0,0.0,5.175
H27,5,Female,0.875,1.0000000000000002,0.2,1.0,1.0,0,0.5,1.0,0.0,2.82,0,0,0.0,4.25
H28,4,Male,0.22499999999999998,0.4000000000000001,0.6000000000000001,0.0,0.5,0,0.5,0.3333333333333333,0.0,1.19,0,0,0.0,3.05
H29,6,Male,0.9750000000000001,0.4000000000000001,0.6000000000000001,0.0,1.0,0,0.0,0.0,0.0,4.65,0,0,0.0,0.04999999999999982
H30,6,Female,0.3374999999999999,0.8,0.2,1.0,1.0,0,1.0,0.6666666666666666,0.0,3.91,0,0,0.0,5.825
H31,5,Female,0.1875,1.0000000000000002,0.0,0.0,0.0,0,0.5,0.3333333333333333,0.0,3.79,0,0,0.0,3.125
H32,6,Female,0.7874999999999999,0.8,0.4000000000000001,1.0,0.0,1,0.0,0.6666666666666666,0.0,3.69,2,0,0.0,2.9250000000000003
H33,6,Female,0.6625,0.0,0.4000000000000001,1.0,1.0,0,0.0,1.0,0.0,1.4,1,0,0.0,3.675
H34,3,Male,0.5,0.6000000000000001,0.6000000000000001,1.0,1.0,0,0.5,1.0,0.0,1.45,1,0,0.0,5.0
H35,5,Male,0.55,0.4000000000000001,0.4000000000000001,0.0,0.0,1,0.0,0.3333333333333333,1.0,3.6,2,0,0.0,4.4
H36,7,Male,0.7250000000000001,0.6000000000000001,1.0000000000000002,0.0,1.0,1,0.5,0.0,0.0,1.49,2,0,0.0,1.5499999999999998
H37,5,Male,0.22499999999999998,0.8,0.2,1.0,0.5,0,0.5,1.0,0.0,2.47,0,0,0.0,5.55
H38,7,Female,1.0,0.8,0.0,0.0,0.5,0,0.5,0.6666666666666666,0.0,4.02,0,0,0.0,2.0
H39,3,Male,0.9750000000000001,0.8,1.0000000000000002,0.0,0.5,1,1.0,0.6666666666666666,0.0,4.03,2,0,0.0,3.05
H40,4,Male,0.6499999999999999,0.6000000000000001,0.2,1.0,1.0,1,0.5,0.3333333333333333,0.0,2.54,0,0,0.0,3.7
H41,6,Female,0.19999999999999996,0.8,0.8,1.0,0.0,1,0.0,0.6666666666666666,0.0,4.06,1,0,0.0,4.1
H42,3,Male,0.675,0.0,0.6000000000000001,0.0,1.0,0,1.0,0.0,0.0,4.27,1,0,0.0,2.65
H43,6,Male,0.07500000000000001,0.8,0.4000000000000001,1.0,1.0,0,0.0,1.0,1.0,3.45,0,0,0.0,7.85
H44,4,Male,0.025000000000000022,0.2,0.8,1.0,0.0,1,1.0,0.6666666666666666,0.0,1.53,0,0,0.0,6.45
H45,4,Male,0.26249999999999996,0.6000000000000001,0.4000000000000001,1.0,0.0,0,1.0,0.6666666666666666,0.0,1.73,0,0,0.0,5.975
H46,3,Male,0.4624999999999999,0.2,1.0000000000000002,0.0,0.0,0,1.0,1.0,0.0,1.92,1,0,0.0,4.575
H47,4,Male,0.8625,0.8,0.0,0.0,0.5,1,1.0,0.3333333333333333,1.0,1.03,0,0,0.0,5.775
H48,7,Female,0.7250000000000001,0.0,0.0,0.0,1.0,0,0.0,0.6666666666666666,0.0,1.73,2,0,0.0,1.5499999999999998
H49,4,Female,0.7375,0.4000000000000001,0.0,1.0,0.0,0,0.5,0.3333333333333333,0.0,1.44,0,0,0.0,3.525
H50,6,Male,0.42500000000000004,1.0000000000000002,0.4000000000000001,0.0,1.0,0,0.0,0.3333333333333333,1.0,2.55,2,0,0.0,4.65
H51,6,Male,0.35,1.0000000000000002,0.8,1.0,0.5,0,0.5,0.6666666666666666,0.0,4.59,0,0,0.0,4.8
H52,6,Female,0.375,0.8,0.0,0.0,0.5,0,0.0,0.0,0.0,0.97,0,0,0.0,1.25
H53,6,Male,0.9875,0.0,0.8,0.0,0.0,1,1.0,0.3333333333333333,0.0,3.74,1,0,0.0,2.525
H54,7,Male,0.03750000000000003,0.6000000000000001,0.4000000000000001,1.0,0.0,0,1.0,0.6666666666666666,0.0,3.59,2,0,0.0,6.425
H55,5,Male,0.8625,0.2,1.0000000000000002,0.0,1.0,0,0.5,0.3333333333333333,0.0,0.93,2,0,0.0,1.775
H56,3,Female,0.5750000000000001,0.2,0.8,1.0,0.0,1,0.5,1.0,0.0,4.65,2,0,0.0,4.85
H57,6,Male,0.4375,0.2,1.0000000000000002,0.0,1.0,0,0.0,0.0,0.0,3.06,1,1,0.69,2.8499999999999996
H58,4,Female,0.7250000000000001,0.6000000000000001,0.4000000000000001,0.0,0.0,0,0.5,0.0,0.0,2.14,2,0,0.0,1.5499999999999998
H59,6,Male,0.48749999999999993,1.0000000000000002,0.4000000000000001,1.0,1.0,1,0.0,1.0,0.0,3.9,1,0,0.0,4.025
H60,4,Female,0.875,0.0,0.6000000000000001,1.0,1.0,1,0.5,1.0,0.0,1.66,0,1,0.86,6.4
H61,4,Female,0.9000000000000001,0.6000000000000001,0.4000000000000001,1.0,1.0,0,0.5,0.3333333333333333,0.0,3.62,0,0,0.0,3.1999999999999997
H62,6,Male,0.42500000000000004,0.2,0.4000000000000001,0.0,1.0,1,0.5,1.0,0.0,0.68,2,0,0.0,3.65
H63,7,Female,0.275,0.8,0.2,0.0,0.5,0,1.0,0.0,0.0,4.28,0,0,0.0,3.45
H64,4,Male,0.5875,0.4000000000000001,0.0,0.0,1.0,1,1.0,1.0,0.0,2.52,0,0,0.0,4.325
H65,4,Female,0.9125000000000001,0.6000000000000001,0.6000000000000001,1.0,0.0,0,0.0,0.6666666666666666,0.0,3.37,2,0,0.0,2.675
H66,6,Male,0.21250000000000002,0.6000000000000001,0.6000000000000001,1.0,0.5,1,0.5,0.6666666666666666,0.0,1.5,0,0,0.0,5.075
H67,4,Male,0.625,0.0,0.6000000000000001,1.0,0.5,0,0.0,0.3333333333333333,0.0,3.55,2,0,0.0,2.75
H68,4,Female,0.6375,0.0,0.2,0.0,1.0,0,0.5,0.0,1.0,3.98,2,0,0.0,4.725
H69,6,Male,0.7375,0.6000000000000001,1.0000000000000002,0.0,0.5,0,1.0,0.6666666666666666,0.0,2.63,0,0,0.0,3.525
H70,6,Male,0.1375,0.2,0.4000000000000001,1.0,1.0,0,1.0,1.0,0.0,3.28,0,0,0.0,6.725
H71,3,Female,0.7125,0.4000000000000001,0.0,0.0,0.0,1,0.5,0.6666666666666666,0.0,2.55,0,1,0.99,5.050000000000001
H72,7,Male,0.9125000000000001,0.0,0.8,1.0,1.0,0,0.5,0.6666666666666666,0.0,4.52,0,0,0.0,3.675
H73,7,Male,0.17500000000000004,0.2,1.0000000000000002,0.0,0.5,0,1.0,0.3333333333333333,0.0,2.74,0,0,0.0,4.15
H74,4,Female,0.23750000000000004,0.8,0.4000000000000001,0.0,0.0,0,1.0,1.0,0.0,4.29,1,0,0.0,5.025
H75,7,Female,0.9750000000000001,0.0,0.2,1.0,1.0,0,0.0,1.0,1.0,4.11,0,1,0.84,8.15
H76,4,Male,0.17500000000000004,0.2,0.4000000000000001,0.0,0.0,1,1.0,1.0,0.0,2.35,1,0,0.0,5.15
H77,3,Male,0.8500000000000001,0.2,0.4000000000000001,0.0,0.0,1,0.5,0.3333333333333333,0.0,1.54,2,0,0.0,1.7999999999999998
H78,6,Female,0.48749999999999993,0.4000000000000001,0.2,1.0,0.5,0,0.0,1.0,0.0,2.33,0,0,0.0,4.025
H79,6,Female,0.25,0.4000000000000001,0.6000000000000001,1.0,0.0,1,0.5,1.0,0.0,4.22,0,0,0.0,5.5
H80,6,Male,0.875,0.8,0.6000000000000001,0.0,0.5,1,0.0,0.6666666666666666,1.0,1.52,0,1,0.95,6.625
H81,7,Female,0.45000000000000007,0.2,0.0,1.0,0.0,0,0.5,0.6666666666666666,0.0,2.86,2,0,0.0,4.6
H82,3,Male,0.5125,1.0000000000000002,0.0,0.0,1.0,0,1.0,1.0,0.0,4.13,1,0,0.0,4.475
H83,7,Male,0.36250000000000004,0.2,0.6000000000000001,1.0,0.0,1,0.5,0.0,0.0,2.09,1,0,0.0,3.775
H84,7,Male,0.5875,0.4000000000000001,1.0000000000000002,0.0,1.0,0,0.0,0.0,0.0,3.39,0,1,0.63,2.4
H85,3,Male,0.16250000000000003,1.0000000000000002,0.8,0.0,1.0,1,0.5,1.0,0.0,1.61,0,0,0.0,4.175
H86,3,Male,0.38749999999999996,0.0,0.4000000000000001,1.0,0.0,0,0.0,0.0,0.0,0.99,0,0,0.0,2.725
H87,3,Female,0.9750000000000001,0.0,0.8,0.0,1.0,0,0.5,0.3333333333333333,0.0,4.07,0,0,0.0,1.5499999999999998
H88,3,Female,0.26249999999999996,0.6000000000000001,0.4000000000000001,0.0,0.0,0,1.0,0.6666666666666666,0.0,0.95,2,0,0.0,4.475
H89,6,Female,0.6625,0.4000000000000001,0.6000000000000001,1.0,0.0,0,1.0,0.3333333333333333,0.0,1.72,0,0,0.0,4.675
H90,5,Female,0.32500000000000007,0.6000000000000001,0.0,1.0,1.0,1,0.5,0.6666666666666666,0.0,4.35,2,0,0.0,4.85
H91,5,Male,0.7749999999999999,1.0000000000000002,1.0000000000000002,0.0,1.0,0,0.5,0.0,0.0,2.06,0,0,0.0,1.4500000000000002
H92,3,Male,0.125,0.4000000000000001,0.0,1.0,0.5,0,0.5,0.0,0.0,4.88,1,0,0.0,4.25
H93,5,Male,0.9750000000000001,0.8,0.8,1.0,1.0,1,0.0,1.0,0.0,4.91,1,0,0.0,3.05
H94,5,Male,0.45000000000000007,0.2,0.0,0.0,0.5,0,0.5,0.0,0.0,1.71,0,0,0.0,2.0999999999999996
H95,3,Female,0.23750000000000004,0.8,0.6000000000000001,0.0,1.0,0,0.5,0.0,0.0,0.68,0,0,0.0,2.525
H96,5,Male,0.07500000000000001,1.0000000000000002,1.0000000000000002,1.0,0.0,1,0.0,1.0,0.0,3.67,2,0,0.0,4.85
H97,7,Male,0.17500000000000004,0.4000000000000001,0.8,1.0,1.0,1,1.0,1.0,1.0,2.53,0,0,0.0,9.65
H98,4,Female,0.525,1.0000000000000002,1.0000000000000002,1.0,0.0,0,0.5,0.6666666666666666,0.0,0.95,0,0,0.0,4.45
H99,4,Female,0.3374999999999999,0.2,0.4000000000000001,0.0,0.0,0,0.5,0.0,0.0,3.68,0,0,0.0,2.325
H100,3,Female,0.825,0.0,0.0,0.0,0.0,0,1.0,0.6666666666666666,0.0,0.64,1,0,0.0,3.35
H101,6,Female,0.42500000000000004,0.0,1.0000000000000002,0.0,0.5,0,1.0,0.6666666666666666,0.0,4.42,2,0,0.0,4.15
H102,3,Male,0.25,1.0000000000000002,0.2,0.0,1.0,0,0.0,0.3333333333333333,0.0,1.12,1,0,0.0,2.0
H103,6,Male,0.6124999999999999,0.6000000000000001,0.0,0.0,0.0,0,0.5,0.0,1.0,1.07,2,0,0.0,4.775
H104,4,Female,0.7125,0.4000000000000001,0.4000000000000001,0.0,0.0,0,0.5,0.0,0.0,1.29,1,0,0.0,1.575
H105,3,Male,0.16250000000000003,0.4000000000000001,1.0000000000000002,0.0,0.5,0,0.0,0.3333333333333333,1.0,4.82,0,0,0.0,5.175
H106,7,Male,0.16250000000000003,0.0,0.8,1.0,1.0,0,1.0,0.6666666666666666,0.0,3.62,1,0,0.0,6.175
H107,5,Male,0.03750000000000003,0.8,0.4000000000000001,1.0,1.0,0,0.0,0.0,0.0,4.11,1,0,0.0,3.425
H108,6,Female,0.7375,0.2,0.2,0.0,0.5,1,1.0,0.6666666666666666,0.0,2.29,2,0,0.0,3.525
H109,5,Male,0.6625,0.8,1.0000000000000002,0.0,0.5,1,0.0,0.3333333333333333,0.0,2.01,2,0,0.0,1.175
H110,5,Female,0.475,0.8,0.6000000000000001,0.0,1.0,0,1.0,1.0,0.0,1.56,1,0,0.0,4.55
H111,3,Male,0.8500000000000001,1.0000000000000002,0.0,1.0,0.5,0,0.0,0.6666666666666666,1.0,2.66,2,0,0.0,5.8
H112,5,Male,0.8,0.0,0.8,0.0,1.0,0,1.0,0.0,1.0,2.98,2,0,0.0,5.4
H113,7,Male,0.5875,0.0,0.6000000000000001,1.0,1.0,0,1.0,1.0,1.0,3.34,2,0,0.0,8.825
H114,5,Female,0.8625,0.0,1.0000000000000002,1.0,0.0,0,1.0,0.6666666666666666,0.0,1.66,2,0,0.0,4.775
H115,3,Male,0.19999999999999996,1.0000000000000002,1.0000000000000002,1.0,0.0,0,1.0,0.6666666666666666,0.0,4.77,2,0,0.0,6.1
H116,7,Female,0.11249999999999999,0.6000000000000001,0.4000000000000001,1.0,1.0,0,1.0,1.0,0.0,1.26,1,0,0.0,6.775
H117,4,Female,0.275,0.8,1.0000000000000002,1.0,1.0,1,0.5,1.0,0.0,4.85,2,0,0.0,5.45
H118,5,Female,0.0625,1.0000000000000002,0.8,0.0,1.0,0,1.0,1.0,0.0,0.57,0,0,0.0,5.375
H119,3,Male,0.525,0.4000000000000001,0.6000000000000001,0.0,1.0,0,0.5,0.0,0.0,2.67,1,0,0.0,1.95
H120,4,Male,0.9375,0.2,0.8,1.0,1.0,1,1.0,0.0,0.0,2.0,1,0,0.0,3.625
H121,4,Male,0.03750000000000003,0.6000000000000001,0.2,0.0,1.0,0,0.5,0.6666666666666666,0.0,2.52,1,1,0.78,5.875
H122,6,Male,0.125,0.4000000000000001,0.2,1.0,0.5,0,0.5,0.6666666666666666,0.0,3.07,2,0,0.0,5.25
H123,7,Female,0.45000000000000007,0.8,0.0,1.0,1.0,0,0.0,0.3333333333333333,0.0,2.46,0,0,0.0,3.0999999999999996
H124,5,Female,0.9375,0.0,0.0,0.0,0.5,0,1.0,0.0,0.0,2.37,2,0,0.0,2.125
H125,3,Female,0.3125,0.8,0.2,0.0,0.5,1,0.0,0.6666666666666666,0.0,3.8,1,0,0.0,2.375
H126,6,Male,0.5125,1.0000000000000002,1.0000000000000002,0.0,1.0,0,0.0,1.0,0.0,3.59,1,0,0.0,2.475
H127,7,Female,0.03750000000000003,0.2,0.8,0.0,1.0,0,1.0,1.0,0.0,4.25,1,1,0.72,7.225
H128,6,Male,0.15000000000000002,1.0000000000000002,0.2,0.0,0.5,0,0.0,0.0,0.0,1.62,1,0,0.0,1.7
H129,7,Female,0.9875,0.6000000000000001,0.0,1.0,0.5,0,1.0,1.0,0.0,3.24,2,1,0.91,7.300000000000001
H130,7,Male,0.9624999999999999,0.6000000000000001,0.2,0.0,1.0,1,0.0,0.3333333333333333,0.0,3.13,0,0,0.0,0.5750000000000002
H131,5,Male,0.0,0.2,1.0000000000000002,0.0,1.0,1,1.0,0.6666666666666666,0.0,2.16,0,0,0.0,5.0
H132,7,Female,0.95,0.4000000000000001,0.2,0.0,0.5,0,1.0,0.6666666666666666,0.0,2.69,1,0,0.0,3.1
H133,6,Female,0.6375,0.4000000000000001,0.8,1.0,0.5,0,1.0,0.6666666666666666,0.0,1.91,0,1,0.69,6.949999999999999
H134,7,Female,0.8625,0.6000000000000001,0.6000000000000001,0.0,0.5,0,0.5,0.0,0.0,1.14,1,0,0.0,1.275
H135,5,Female,0.45000000000000007,0.6000000000000001,1.0000000000000002,1.0,0.0,1,0.0,1.0,0.0,1.46,1,0,0.0,4.1
H136,5,Male,0.5125,0.0,0.0,0.0,0.5,0,0.5,0.3333333333333333,0.0,0.97,0,0,0.0,2.475
H137,6,Female,0.48749999999999993,0.4000000000000001,0.8,0.0,0.0,0,0.0,0.0,0.0,3.57,1,0,0.0,1.0250000000000001
H138,4,Female,0.6625,0.2,0.2,1.0,1.0,0,0.0,0.6666666666666666,0.0,3.47,0,0,0.0,3.175
H139,4,Female,0.1375,0.4000000000000001,0.2,0.0,1.0,0,0.0,0.3333333333333333,0.0,4.78,1,0,0.0,2.225
H140,7,Male,0.025000000000000022,0.0,0.6000000000000001,0.0,0.5,0,0.5,0.6666666666666666,0.0,3.78,0,0,0.0,3.95
H141,3,Male,0.3125,1.0000000000000002,0.0,1.0,1.0,0,0.0,0.6666666666666666,0.0,0.73,1,0,0.0,3.875
H142,7,Female,0.7,0.6000000000000001,0.0,0.0,1.0,0,0.5,0.0,0.0,4.48,0,1,0.78,3.5500000000000003
H143,6,Male,0.19999999999999996,0.6000000000000001,0.4000000000000001,1.0,1.0,0,1.0,0.6666666666666666,0.0,4.38,1,0,0.0,6.1
H144,6,Female,0.675,0.0,0.0,1.0,1.0,0,0.0,0.3333333333333333,1.0,2.49,1,0,0.0,5.65
H145,6,Male,0.9750000000000001,0.2,0.6000000000000001,1.0,0.0,1,0.0,0.6666666666666666,0.0,3.14,1,0,0.0,2.55
H146,6,Male,0.10000000000000003,0.6000000000000001,0.4000000000000001,1.0,0.0,0,1.0,1.0,0.0,4.89,0,0,0.0,6.8
H147,6,Male,0.675,0.8,0.4000000000000001,1.0,0.5,0,1.0,0.6666666666666666,0.0,2.9,2,0,0.0,5.15
H148,5,Male,0.45000000000000007,0.6000000000000001,0.2,0.0,0.5,0,0.0,0.0,0.0,4.57,1,0,0.0,1.0999999999999999
H149,4,Female,0.8625,0.8,0.2,0.0,0.5,0,1.0,0.3333333333333333,0.0,0.87,1,0,0.0,2.775
H150,6,Female,0.17500000000000004,0.0,0.0,0.0,1.0,0,0.5,0.0,0.0,1.36,0,0,0.0,2.65
H151,3,Female,0.6875,0.0,0.4000000000000001,1.0,1.0,1,0.5,1.0,0.0,2.48,1,0,0.0,4.625
H152,3,Male,0.8374999999999999,0.6000000000000001,0.2,1.0,0.0,0,0.0,0.6666666666666666,1.0,3.13,1,0,0.0,5.825
H153,3,Female,0.95,0.4000000000000001,0.6000000000000001,1.0,0.0,1,0.5,0.0,0.0,4.17,1,0,0.0,2.6
H154,3,Female,0.6875,0.8,0.2,1.0,0.5,0,0.5,0.0,0.0,4.95,1,1,0.65,4.75
H155,5,Female,0.5,0.2,1.0000000000000002,0.0,0.0,0,0.0,0.0,1.0,2.25,2,0,0.0,4.0
H156,3,Male,0.6124999999999999,0.6000000000000001,1.0000000000000002,0.0,0.0,0,1.0,0.0,0.0,0.71,2,0,0.0,2.7750000000000004
H157,6,Male,0.875,0.2,0.2,1.0,0.0,0,0.0,1.0,0.0,4.11,1,1,0.48,4.45
H158,7,Male,0.5750000000000001,0.6000000000000001,0.4000000000000001,1.0,0.0,1,0.5,1.0,0.0,3.22,1,0,0.0,4.85
H159,3,Female,0.025000000000000022,0.4000000000000001,0.4000000000000001,0.0,0.0,1,0.0,0.6666666666666666,0.0,1.39,1,0,0.0,2.95
H160,5,Female,0.9249999999999998,0.4000000000000001,0.8,1.0,0.5,1,0.0,0.6666666666666666,0.0,2.73,2,0,0.0,2.6500000000000004
H161,5,Female,0.6875,0.4000000000000001,1.0000000000000002,1.0,0.5,1,0.5,0.3333333333333333,1.0,3.84,2,1,0.83,8.7
H162,3,Male,0.675,1.0000000000000002,0.6000000000000001,1.0,0.0,1,0.5,1.0,0.0,3.97,0,0,0.0,4.65
H163,7,Male,0.21250000000000002,0.4000000000000001,0.4000000000000001,0.0,0.5,0,0.0,0.0,0.0,2.75,0,0,0.0,1.575
H164,3,Female,0.6625,0.0,0.0,0.0,1.0,0,0.5,0.0,1.0,1.87,1,0,0.0,4.675
H165,5,Male,0.4,0.0,1.0000000000000002,1.0,0.0,0,0.5,0.3333333333333333,0.0,4.88,1,0,0.0,4.2
H166,4,Male,0.6499999999999999,1.0000000000000002,0.6000000000000001,0.0,1.0,0,0.5,0.0,0.0,3.49,2,0,0.0,1.7000000000000002
H167,6,Male,0.11249999999999999,0.8,0.6000000000000001,1.0,0.5,1,0.5,0.3333333333333333,0.0,2.34,1,0,0.0,4.775
H168,5,Male,0.6625,0.2,0.4000000000000001,1.0,0.5,0,0.5,0.6666666666666666,1.0,1.76,1,0,0.0,7.175
H169,3,Female,1.0,0.6000000000000001,0.6000000000000001,0.0,1.0,0,0.5,1.0,0.0,3.79,2,0,0.0,2.5
H170,6,Male,0.04999999999999999,0.6000000000000001,0.4000000000000001,1.0,0.5,0,1.0,0.3333333333333333,0.0,1.59,2,1,0.84,8.0
H171,3,Male,0.9750000000000001,1.0000000000000002,0.2,1.0,0.0,0,0.0,0.0,0.0,1.27,2,0,0.0,1.5499999999999998
H172,3,Male,0.4125000000000001,0.0,1.0000000000000002,0.0,1.0,0,0.5,0.3333333333333333,0.0,2.88,2,0,0.0,2.675
H173,4,Male,0.875,0.6000000000000001,0.8,1.0,0.0,0,0.0,0.6666666666666666,1.0,1.8,0,0,0.0,5.75
H174,6,Female,0.7874999999999999,0.0,0.2,1.0,1.0,0,1.0,0.0,0.0,3.33,2,0,0.0,3.9250000000000003
H175,6,Female,0.5625,0.8,1.0000000000000002,1.0,0.5,0,0.5,0.6666666666666666,0.0,1.03,2,0,0.0,4.375
H176,4,Male,0.7375,0.2,0.4000000000000001,0.0,1.0,0,0.0,0.6666666666666666,1.0,3.45,1,0,0.0,4.525
H177,5,Male,0.875,0.8,1.0000000000000002,1.0,1.0,0,0.5,0.3333333333333333,0.0,1.77,1,0,0.0,3.25
H178,3,Male,0.4,1.0000000000000002,0.4000000000000001,0.0,0.0,0,0.5,0.6666666666666666,0.0,0.5,1,0,0.0,3.2
H179,7,Male,0.32500000000000007,0.4000000000000001,0.2,1.0,0.5,0,0.5,0.0,0.0,1.07,0,0,0.0,3.8499999999999996
H180,3,Male,0.6625,0.4000000000000001,0.0,1.0,0.0,0,0.5,0.6666666666666666,0.0,4.7,2,0,0.0,4.175
H181,3,Male,0.8125,0.4000000000000001,0.0,1.0,0.5,0,0.5,0.6666666666666666,0.0,4.4,2,0,0.0,3.875
H182,5,Female,0.7625000000000002,0.8,1.0000000000000002,1.0,0.0,0,0.5,0.3333333333333333,1.0,1.55,0,0,0.0,6.475
H183,3,Male,0.8,0.6000000000000001,0.0,0.0,1.0,0,0.5,0.6666666666666666,0.0,4.0,2,0,0.0,2.4
H184,4,Female,0.4375,0.2,0.4000000000000001,0.0,0.0,0,1.0,1.0,0.0,3.24,1,0,0.0,4.625
H185,4,Female,0.8125,0.4000000000000001,0.6000000000000001,1.0,0.5,0,1.0,0.3333333333333333,0.0,4.87,0,0,0.0,4.375
H186,6,Male,0.125,1.0000000000000002,0.4000000000000001,1.0,0.5,0,0.5,0.3333333333333333,0.0,2.18,2,0,0.0,4.75
H187,7,Female,0.55,1.0000000000000002,0.6000000000000001,1.0,1.0,1,0.5,0.0,0.0,3.57,0,0,0.0,3.4
H188,3,Female,0.0,0.4000000000000001,0.2,1.0,0.5,0,1.0,0.0,0.0,0.79,0,0,0.0,5.5
H189,3,Female,0.32500000000000007,0.4000000000000001,0.8,1.0,0.0,1,1.0,0.0,1.0,2.28,2,0,0.0,7.85
H190,5,Female,0.36250000000000004,0.2,0.6000000000000001,1.0,1.0,0,1.0,0.0,0.0,4.84,1,0,0.0,4.775
H191,4,Female,0.4,0.4000000000000001,0.0,1.0,0.5,0,0.5,1.0,0.0,2.93,2,0,0.0,5.2
H192,7,Female,0.7,0.2,0.4000000000000001,1.0,0.5,0,0.0,0.3333333333333333,0.0,1.8,2,0,0.0,2.6
H193,6,Male,0.38749999999999996,1.0000000000000002,0.2,0.0,0.0,0,0.0,0.6666666666666666,1.0,1.04,1,0,0.0,5.225
H194,4,Female,0.45000000000000007,0.4000000000000001,0.0,0.0,0.0,0,0.0,0.0,0.0,3.67,2,0,0.0,1.0999999999999999
H195,6,Female,0.23750000000000004,0.8,0.2,0.0,1.0,0,0.0,0.0,0.0,3.4,2,0,0.0,1.525
H196,5,Female,0.375,0.8,0.8,1.0,0.5,0,0.5,0.0,0.0,2.18,2,0,0.0,3.75
H197,5,Male,0.22499999999999998,1.0000000000000002,0.4000000000000001,1.0,0.0,0,0.0,0.6666666666666666,1.0,4.78,0,0,0.0,7.05
H198,3,Female,0.07500000000000001,0.2,1.0000000000000002,1.0,1.0,0,1.0,0.0,0.0,0.6,0,0,0.0,5.35
H199,7,Male,0.6000000000000001,0.8,0.4000000000000001,0.0,0.5,0,1.0,0.6666666666666666,0.0,1.87,0,0,0.0,3.8
H200,6,Female,0.6625,0.2,0.8,1.0,0.5,0,0.0,0.3333333333333333,0.0,4.64,2,0,0.0,2.675
H201,4,Male,0.625,0.8,0.4000000000000001,0.0,1.0,0,1.0,0.3333333333333333,0.0,1.94,1,0,0.0,3.25
H202,5,Male,0.4624999999999999,0.8,1.0000000000000002,1.0,1.0,1,0.5,0.3333333333333333,0.0,1.64,0,0,0.0,4.075
H203,3,Female,0.375,0.2,0.6000000000000001,0.0,0.0,1,0.0,1.0,0.0,2.9,1,0,0.0,2.75
H204,3,Female,0.8625,0.6000000000000001,0.2,0.0,0.5,1,0.0,0.6666666666666666,0.0,4.21,2,0,0.0,1.275
H205,6,Male,0.525,0.8,1.0000000000000002,0.0,0.5,0,0.5,0.0,1.0,0.96,0,0,0.0,4.95
H206,5,Female,0.475,0.4000000000000001,0.0,1.0,0.5,1,1.0,0.0,1.0,4.74,2,0,0.0,7.55
H207,7,Male,0.025000000000000022,1.0000000000000002,0.8,0.0,1.0,1,0.5,0.0,0.0,4.08,1,0,0.0,2.95
H208,5,Male,0.3374999999999999,0.6000000000000001,0.6000000000000001,1.0,0.0,0,0.5,0.0,0.0,1.32,0,0,0.0,3.825
H209,6,Male,0.375,0.2,0.0,1.0,0.5,0,1.0,1.0,0.0,3.7,0,0,0.0,6.25
H210,6,Male,0.4,0.6000000000000001,0.0,1.0,1.0,1,0.5,0.0,0.0,2.23,0,1,0.96,6.1
H211,5,Male,0.5750000000000001,0.0,0.8,1.0,0.5,0,1.0,1.0,0.0,2.31,0,0,0.0,5.85
H212,6,Female,0.5375,0.0,0.6000000000000001,1.0,0.0,0,1.0,0.6666666666666666,0.0,4.02,1,0,0.0,5.425
H213,5,Male,0.6124999999999999,0.8,0.0,0.0,0.5,0,0.5,0.3333333333333333,0.0,4.83,0,1,0.59,3.75
H214,4,Male,0.7625000000000002,0.8,0.0,1.0,0.0,0,1.0,0.0,0.0,1.07,2,1,0.51,5.25
H215,5,Female,0.8125,0.4000000000000001,0.6000000000000001,1.0,0.0,1,0.5,0.3333333333333333,0.0,2.39,0,0,0.0,3.375
H216,5,Male,0.7125,1.0000000000000002,0.4000000000000001,1.0,0.5,0,1.0,0.6666666666666666,0.0,2.66,1,0,0.0,5.075
H217,6,Female,0.95,0.6000000000000001,0.0,1.0,0.5,0,0.0,0.6666666666666666,0.0,2.19,0,0,0.0,2.6
H218,6,Female,0.012500000000000011,0.0,0.2,1.0,0.0,0,1.0,0.0,0.0,2.13,1,0,0.0,5.475
H219,3,Female,0.19999999999999996,0.8,0.6000000000000001,0.0,1.0,0,1.0,0.6666666666666666,1.0,0.74,1,0,0.0,7.6
H220,3,Male,0.012500000000000011,1.0000000000000002,0.0,0.0,0.0,0,0.5,0.3333333333333333,0.0,3.58,2,0,0.0,3.475
H221,4,Male,0.6499999999999999,0.6000000000000001,0.8,1.0,0.5,0,1.0,0.0,0.0,2.46,0,0,0.0,4.2
H222,3,Male,0.9000000000000001,0.8,1.0000000000000002,0.0,0.5,1,0.0,1.0,0.0,1.38,0,0,0.0,1.6999999999999997
H223,5,Female,0.23750000000000004,0.8,0.2,0.0,1.0,0,0.0,0.0,0.0,4.17,0,0,0.0,1.525
H224,6,Male,0.9249999999999998,0.0,1.0000000000000002,1.0,0.0,0,1.0,0.3333333333333333,1.0,4.11,2,0,0.0,7.15
H225,3,Female,0.0625,0.0,1.0000000000000002,0.0,0.0,0,1.0,0.0,0.0,2.69,2,0,0.0,3.875
H226,3,Male,0.9375,0.8,0.0,1.0,0.0,0,0.0,0.0,0.0,1.84,1,0,0.0,1.625
H227,4,Female,0.35,0.2,0.2,0.0,0.5,1,0.5,0.3333333333333333,0.0,3.37,1,1,0.92,5.1
H228,4,Male,0.10000000000000003,0.8,0.2,0.0,0.0,1,0.0,0.0,0.0,1.8,1,1,0.96,4.199999999999999
H229,5,Male,0.48749999999999993,1.0000000000000002,0.4000000000000001,0.0,1.0,1,0.0,0.0,1.0,1.56,2,0,0.0,4.025
H230,6,Male,0.26249999999999996,0.8,1.0000000000000002,1.0,0.5,0,1.0,0.3333333333333333,0.0,3.79,2,0,0.0,5.475
H231,4,Female,0.2875,0.4000000000000001,0.2,0.0,0.5,0,1.0,0.6666666666666666,0.0,0.68,2,0,0.0,4.425
H232,3,Female,0.3125,0.4000000000000001,0.4000000000000001,0.0,0.0,0,0.0,0.3333333333333333,0.0,0.93,1,0,0.0,1.875
H233,6,Male,0.8,0.4000000000000001,0.6000000000000001,1.0,1.0,0,0.5,0.0,0.0,0.53,2,0,0.0,2.9
H234,6,Male,0.5375,0.2,0.4000000000000001,1.0,0.5,1,0.0,1.0,0.0,1.19,1,0,0.0,3.925
H235,3,Female,0.3125,0.2,0.8,0.0,0.5,1,0.0,1.0,0.0,0.81,1,0,0.0,2.875
H236,4,Female,0.6124999999999999,0.8,0.0,1.0,0.0,1,0.5,0.3333333333333333,0.0,4.98,0,0,0.0,3.7750000000000004
H237,3,Female,0.7125,0.4000000000000001,0.6000000000000001,0.0,0.0,1,0.0,1.0,0.0,1.8,0,0,0.0,2.075
H238,6,Male,0.275,0.2,0.6000000000000001,0.0,1.0,1,0.0,0.0,1.0,1.17,0,0,0.0,4.45
H239,7,Female,0.4125000000000001,0.0,0.8,1.0,0.0,0,1.0,0.0,0.0,1.58,1,0,0.0,4.675
H240,7,Male,0.125,0.8,0.4000000000000001,1.0,1.0,0,0.5,0.3333333333333333,0.0,4.71,0,0,0.0,4.75
H241,5,Female,0.17500000000000004,1.0000000000000002,0.0,1.0,0.5,0,1.0,0.0,0.0,2.84,0,0,0.0,5.15
H242,3,Male,0.675,0.6000000000000001,0.4000000000000001,0.0,1.0,0,1.0,0.6666666666666666,0.0,2.14,0,0,0.0,3.65
H243,3,Female,0.1875,0.8,0.2,1.0,1.0,0,0.5,0.0,0.0,4.43,2,0,0.0,4.125
H244,5,Female,0.525,0.6000000000000001,0.4000000000000001,0.0,1.0,0,0.5,0.3333333333333333,0.0,2.28,1,0,0.0,2.45
H245,5,Female,0.7125,0.4000000000000001,0.6000000000000001,1.0,0.5,1,0.0,0.6666666666666666,0.0,2.01,0,0,0.0,3.075
H246,5,Female,0.11249999999999999,0.6000000000000001,0.0,0.0,0.0,0,1.0,0.6666666666666666,0.0,1.43,2,1,0.57,6.2
H247,6,Female,0.5625,0.4000000000000001,0.4000000000000001,1.0,0.5,1,0.5,1.0,0.0,2.2,2,0,0.0,4.875
H248,3,Male,0.26249999999999996,0.0,0.0,0.0,0.0,1,1.0,0.0,0.0,1.93,2,1,0.88,5.675000000000001
H249,6,Female,0.9624999999999999,0.6000000000000001,0.0,1.0,1.0,0,1.0,0.3333333333333333,0.0,3.55,0,0,0.0,4.075
H250,5,Female,0.48749999999999993,0.8,0.2,0.0,1.0,0,0.5,1.0,0.0,1.8,2,1,0.95,5.9
H251,3,Female,0.8,0.4000000000000001,0.2,1.0,1.0,0,0.0,1.0,1.0,3.1,1,0,0.0,6.4
H252,6,Male,0.55,0.8,0.6000000000000001,1.0,1.0,1,1.0,0.0,1.0,0.8,2,1,0.84,9.5
H253,6,Female,0.03750000000000003,0.2,0.8,0.0,1.0,1,0.5,0.0,0.0,1.36,2,0,0.0,2.925
H254,5,Male,0.6375,0.4000000000000001,0.0,1.0,0.0,1,0.0,0.3333333333333333,0.0,2.33,2,0,0.0,2.725
H255,3,Female,0.95,0.6000000000000001,0.8,0.0,0.0,0,1.0,1.0,0.0,4.72,2,0,0.0,3.6
H256,5,Female,0.6000000000000001,0.4000000000000001,0.6000000000000001,0.0,1.0,0,0.5,0.3333333333333333,0.0,2.2,1,0,0.0,2.3
H257,3,Male,0.825,0.8,0.0,1.0,0.5,0,1.0,1.0,1.0,3.49,0,0,0.0,8.35
H258,7,Female,0.8875,0.0,0.0,0.0,0.5,1,0.5,1.0,0.0,1.65,1,0,0.0,2.725
H259,4,Male,0.22499999999999998,0.4000000000000001,1.0000000000000002,1.0,1.0,0,0.5,1.0,0.0,1.07,1,0,0.0,5.55
H260,4,Male,0.21250000000000002,0.6000000000000001,0.8,1.0,0.0,0,1.0,0.0,0.0,0.76,0,1,0.6,6.575
H261,4,Female,0.6124999999999999,0.2,0.4000000000000001,0.0,0.5,0,1.0,1.0,0.0,1.87,2,0,0.0,4.275
H262,5,Male,0.4125000000000001,1.0000000000000002,0.2,1.0,0.5,0,0.5,1.0,0.0,1.21,0,0,0.0,5.175
H263,7,Female,0.8374999999999999,0.0,0.4000000000000001,0.0,0.5,0,0.0,1.0,0.0,1.28,0,0,0.0,1.8250000000000002
H264,3,Female,0.9000000000000001,0.2,0.8,0.0,1.0,0,1.0,0.6666666666666666,0.0,3.92,1,0,0.0,3.1999999999999997
H265,6,Male,0.35,0.4000000000000001,0.2,1.0,0.5,0,0.5,0.0,0.0,0.57,0,0,0.0,3.8
H266,3,Male,0.23750000000000004,0.8,0.4000000000000001,1.0,0.5,0,0.5,0.6666666666666666,0.0,3.01,2,0,0.0,5.025
H267,6,Male,0.7749999999999999,0.8,1.0000000000000002,0.0,0.5,1,0.0,0.0,0.0,2.21,1,0,0.0,0.4500000000000002
H268,3,Male,0.275,0.6000000000000001,0.2,0.0,0.5,1,0.0,0.3333333333333333,0.0,2.78,2,0,0.0,1.95
H269,7,Female,0.825,0.8,0.0,1.0,0.0,0,0.0,0.6666666666666666,0.0,3.03,1,0,0.0,2.85
H270,6,Female,0.42500000000000004,0.0,0.4000000000000001,1.0,1.0,1,1.0,0.3333333333333333,0.0,1.91,2,0,0.0,5.15
H271,5,Male,0.6625,0.8,0.2,1.0,1.0,0,0.5,1.0,1.0,1.83,0,0,0.0,7.675
H272,3,Female,0.10000000000000003,0.6000000000000001,1.0000000000000002,1.0,0.0,0,0.5,0.3333333333333333,1.0,3.8,0,0,0.0,7.8
H273,3,Female,0.625,1.0000000000000002,0.2,0.0,0.0,1,0.5,0.3333333333333333,1.0,4.42,0,0,0.0,5.25
H274,6,Female,0.45000000000000007,0.4000000000000001,0.2,1.0,1.0,1,0.0,0.3333333333333333,0.0,1.37,2,0,0.0,3.0999999999999996
H275,5,Female,0.5875,0.4000000000000001,1.0000000000000002,0.0,0.5,1,0.5,0.3333333333333333,0.0,0.94,1,0,0.0,2.325
H276,5,Male,0.16250000000000003,0.8,0.4000000000000001,0.0,0.5,0,1.0,0.0,0.0,4.54,1,0,0.0,3.675
H277,7,Male,0.7375,0.2,0.6000000000000001,1.0,1.0,0,0.0,0.6666666666666666,1.0,2.07,1,1,0.66,7.675000000000001
H278,5,Female,0.8625,0.4000000000000001,0.4000000000000001,0.0,0.5,1,0.0,0.0,1.0,2.98,0,0,0.0,3.275
H279,5,Male,0.21250000000000002,1.0000000000000002,0.8,1.0,0.0,0,0.0,0.0,1.0,2.12,2,0,0.0,6.075
H280,5,Male,0.10000000000000003,0.8,1.0000000000000002,0.0,0.5,0,0.0,0.0,0.0,1.07,1,0,0.0,1.7999999999999998
H281,4,Male,0.025000000000000022,0.6000000000000001,0.4000000000000001,1.0,0.5,1,1.0,0.3333333333333333,1.0,3.15,2,0,0.0,8.95
H282,7,Female,0.6375,1.0000000000000002,0.2,0.0,0.5,1,0.5,0.0,0.0,2.86,1,0,0.0,1.725
H283,3,Female,0.6124999999999999,0.8,1.0000000000000002,0.0,1.0,1,1.0,0.6666666666666666,0.0,1.41,0,0,0.0,3.7750000000000004
H284,6,Female,0.55,1.0000000000000002,0.0,1.0,0.0,0,0.5,0.0,0.0,2.53,2,0,0.0,3.4
H285,3,Male,0.23750000000000004,0.4000000000000001,0.4000000000000001,1.0,0.5,1,1.0,1.0,0.0,4.09,1,0,0.0,6.525
H286,7,Female,0.38749999999999996,0.6000000000000001,1.0000000000000002,0.0,1.0,0,0.0,0.3333333333333333,0.0,3.16,1,0,0.0,1.725
H287,6,Female,0.6000000000000001,0.8,0.4000000000000001,0.0,0.5,0,0.0,1.0,0.0,0.94,1,0,0.0,2.3
H288,7,Male,0.5,0.0,1.0000000000000002,1.0,0.0,0,1.0,0.6666666666666666,0.0,2.97,1,0,0.0,5.5
H289,5,Female,0.9875,0.6000000000000001,0.2,0.0,0.5,0,1.0,0.6666666666666666,0.0,3.66,0,0,0.0,3.025
H290,6,Female,0.1375,0.0,0.0,1.0,0.0,0,0.5,0.6666666666666666,1.0,4.07,1,0,0.0,8.225
H291,5,Male,0.7,1.0000000000000002,0.0,0.0,0.5,0,1.0,0.6666666666666666,0.0,3.33,1,1,0.92,5.9
H292,3,Male,0.4,0.2,0.8,1.0,0.0,0,1.0,0.0,0.0,1.19,0,0,0.0,4.7
H293,3,Male,0.42500000000000004,0.6000000000000001,1.0000000000000002,0.0,0.5,0,0.5,0.3333333333333333,0.0,3.7,1,0,0.0,2.65
H294,6,Female,0.7125,1.0000000000000002,0.4000000000000001,1.0,0.0,0,0.5,0.6666666666666666,1.0,3.55,2,1,0.77,9.0
H295,6,Female,0.6875,0.0,0.0,1.0,0.5,0,0.5,1.0,0.0,0.61,2,0,0.0,4.625
H296,7,Female,0.9875,0.4000000000000001,0.0,0.0,0.5,0,1.0,0.6666666666666666,0.0,2.35,1,0,0.0,3.025
H297,7,Male,0.125,0.4000000000000001,0.6000000000000001,1.0,1.0,1,0.5,0.3333333333333333,0.0,2.0,0,0,0.0,4.75
H298,5,Male,0.10000000000000003,0.2,0.6000000000000001,0.0,1.0,1,0.0,1.0,0.0,3.51,0,0,0.0,3.3
H299,6,Female,0.7250000000000001,0.6000000000000001,0.0,1.0,0.0,0,0.0,1.0,0.0,1.47,0,0,0.0,3.55
H300,3,Female,0.5750000000000001,0.6000000000000001,1.0000000000000002,1.0,0.5,1,0.0,1.0,1.0,3.16,1,0,0.0,6.85
H301,7,Male,0.275,0.6000000000000001,0.8,1.0,0.0,0,1.0,0.0,0.0,4.61,1,0,0.0,4.95
H302,7,Male,0.07500000000000001,1.0000000000000002,0.0,0.0,1.0,0,0.0,0.6666666666666666,0.0,4.09,2,0,0.0,2.85
H303,3,Male,0.08750000000000002,0.2,0.2,1.0,0.0,1,1.0,0.0,1.0,4.65,0,0,0.0,8.325
H304,7,Male,0.9000000000000001,0.6000000000000001,0.4000000000000001,0.0,0.0,0,1.0,1.0,1.0,4.9,1,0,0.0,6.699999999999999
H305,5,Female,0.1875,1.0000000000000002,0.8,1.0,1.0,1,0.0,0.0,0.0,0.55,1,0,0.0,3.125
H306,6,Male,0.32500000000000007,0.4000000000000001,0.2,0.0,0.5,0,0.5,0.0,1.0,3.3,1,0,0.0,5.35
H307,3,Female,0.22499999999999998,0.0,0.8,0.0,0.0,1,1.0,0.0,0.0,2.36,0,0,0.0,3.55
H308,6,Female,0.35,1.0000000000000002,0.2,0.0,1.0,0,0.0,0.6666666666666666,0.0,4.37,0,0,0.0,2.3
H309,7,Female,0.07500000000000001,0.4000000000000001,0.4000000000000001,1.0,0.5,0,1.0,1.0,0.0,1.63,2,0,0.0,6.85
H310,7,Male,0.525,0.4000000000000001,0.4000000000000001,0.0,1.0,0,0.5,1.0,0.0,4.91,0,0,0.0,3.45
H311,3,Male,0.0625,0.0,0.6000000000000001,1.0,0.0,1,0.5,0.6666666666666666,0.0,3.26,1,0,0.0,5.375
H312,5,Male,0.8,0.4000000000000001,1.0000000000000002,0.0,0.5,0,0.0,0.0,0.0,4.07,2,0,0.0,0.3999999999999999
H313,4,Male,0.23750000000000004,0.2,0.2,0.0,0.5,1,1.0,0.0,0.0,0.89,0,0,0.0,3.525
H314,3,Female,0.5375,0.0,0.6000000000000001,0.0,1.0,0,1.0,0.3333333333333333,0.0,1.33,0,0,0.0,3.425
H315,4,Male,0.875,0.4000000000000001,0.2,0.0,1.0,0,1.0,0.3333333333333333,0.0,3.91,0,0,0.0,2.75
H316,4,Male,0.6499999999999999,0.8,0.6000000000000001,1.0,1.0,0,1.0,0.3333333333333333,0.0,0.6,0,0,0.0,4.7
H317,5,Female,0.5375,1.0000000000000002,0.4000000000000001,0.0,0.5,0,0.0,0.6666666666666666,0.0,4.18,1,0,0.0,1.925
H318,4,Male,0.32500000000000007,0.4000000000000001,0.8,0.0,0.5,1,0.5,1.0,0.0,0.56,0,1,0.56,5.25
H319,4,Female,0.3374999999999999,0.2,0.6000000000000001,1.0,0.0,0,0.0,0.3333333333333333,0.0,3.46,1,0,0.0,3.325
H320,5,Female,0.675,0.6000000000000001,0.2,0.0,0.5,0,1.0,1.0,0.0,2.14,1,0,0.0,4.15
H321,4,Female,1.0,0.4000000000000001,0.2,0.0,0.0,0,1.0,1.0,0.0,3.25,1,0,0.0,3.5
H322,4,Female,0.6625,0.6000000000000001,1.0000000000000002,0.0,1.0,0,0.5,1.0,0.0,3.63,2,0,0.0,3.175
H323,4,Female,0.5625,0.8,0.4000000000000001,0.0,1.0,1,1.0,0.6666666666666666,0.0,2.04,1,0,0.0,3.875
H324,3,Female,0.7250000000000001,0.4000000000000001,0.2,1.0,0.5,0,0.0,0.6666666666666666,1.0,0.99,0,0,0.0,6.05
H325,3,Female,0.4624999999999999,0.0,0.0,1.0,1.0,0,0.0,0.6666666666666666,0.0,0.81,2,0,0.0,3.575
H326,3,Female,0.0625,0.6000000000000001,0.8,0.0,1.0,1,0.5,0.6666666666666666,0.0,3.15,0,0,0.0,3.875
H327,5,Male,0.5625,0.8,0.6000000000000001,1.0,0.5,1,0.0,0.3333333333333333,0.0,2.84,1,0,0.0,2.875
H328,7,Male,0.9624999999999999,0.0,1.0000000000000002,1.0,0.0,0,0.0,0.0,1.0,3.84,0,0,0.0,4.575
H329,4,Male,0.17500000000000004,0.0,0.8,0.0,0.5,0,0.0,0.0,0.0,2.79,2,0,0.0,1.65
H330,4,Male,0.6875,0.0,0.4000000000000001,1.0,0.0,0,0.0,0.0,0.0,2.4,2,0,0.0,2.125
H331,5,Female,0.19999999999999996,0.0,1.0000000000000002,0.0,0.5,0,1.0,0.3333333333333333,0.0,2.29,0,0,0.0,4.1
H332,4,Male,0.5375,0.4000000000000001,0.6000000000000001,1.0,0.5,1,0.0,0.0,0.0,0.62,0,0,0.0,2.425
H333,3,Female,0.10000000000000003,1.0000000000000002,0.6000000000000001,1.0,1.0,0,0.5,0.3333333333333333,0.0,2.01,0,1,0.62,6.35
H334,7,Male,0.45000000000000007,0.4000000000000001,0.0,1.0,0.5,0,0.5,0.3333333333333333,0.0,4.89,2,0,0.0,4.1
H335,6,Male,0.75,0.4000000000000001,0.4000000000000001,0.0,0.5,0,0.0,0.3333333333333333,0.0,4.43,1,0,0.0,1.0
H336,4,Male,0.35,0.8,1.0000000000000002,1.0,0.0,0,0.5,0.0,0.0,1.98,0,0,0.0,3.8
H337,3,Female,0.6625,0.8,1.0000000000000002,0.0,1.0,0,0.0,1.0,0.0,3.15,1,0,0.0,2.175
H338,6,Male,0.8,1.0000000000000002,0.2,0.0,0.0,0,0.5,0.0,0.0,4.31,2,0,0.0,1.4
H339,7,Female,0.9249999999999998,0.8,0.0,1.0,0.0,0,0.5,0.0,0.0,2.49,0,0,0.0,2.6500000000000004
H340,6,Female,0.23750000000000004,0.2,0.0,0.0,1.0,0,0.0,0.6666666666666666,0.0,0.58,0,0,0.0,2.525
H341,3,Male,0.4,1.0000000000000002,1.0000000000000002,1.0,1.0,0,0.0,0.3333333333333333,1.0,0.84,2,0,0.0,6.2
H342,6,Male,0.15000000000000002,0.8,1.0000000000000002,0.0,1.0,0,1.0,1.0,0.0,2.8,0,0,0.0,5.2
H343,5,Male,0.9875,1.0000000000000002,0.8,0.0,0.5,0,0.0,0.6666666666666666,0.0,4.86,1,0,0.0,1.025
H344,6,Female,0.9249999999999998,0.4000000000000001,0.8,1.0,1.0,0,0.0,1.0,0.0,3.62,2,0,0.0,3.1500000000000004
H345,4,Male,0.5375,0.4000000000000001,0.8,1.0,1.0,0,1.0,1.0,0.0,0.82,2,0,0.0,5.925
H346,4,Female,0.8374999999999999,1.0000000000000002,0.0,1.0,1.0,0,0.0,0.3333333333333333,0.0,1.35,0,0,0.0,2.325
H347,5,Female,0.525,0.2,0.2,1.0,0.0,0,0.0,0.0,0.0,3.97,2,0,0.0,2.45
H348,3,Male,0.625,0.2,0.6000000000000001,0.0,0.0,0,1.0,0.3333333333333333,1.0,4.29,0,0,0.0,6.25
H349,4,Male,0.08750000000000002,1.0000000000000002,0.8,0.0,0.5,1,0.0,0.3333333333333333,0.0,3.28,0,0,0.0,2.325
H350,7,Female,0.75,0.8,0.2,0.0,0.0,1,0.0,0.6666666666666666,0.0,3.4,2,0,0.0,1.5
H351,4,Female,0.125,0.6000000000000001,0.4000000000000001,1.0,0.5,1,1.0,0.3333333333333333,0.0,0.63,0,0,0.0,5.75
H352,4,Female,0.825,0.2,0.8,0.0,0.0,0,1.0,0.0,0.0,4.23,1,1,0.63,3.925
H353,3,Male,0.7874999999999999,0.0,0.6000000000000001,1.0,1.0,1,0.5,1.0,0.0,4.05,1,0,0.0,4.425000000000001
H354,6,Female,0.7125,0.4000000000000001,0.4000000000000001,0.0,0.0,0,0.0,0.3333333333333333,0.0,1.67,0,0,0.0,1.075
H355,4,Male,0.03750000000000003,1.0000000000000002,0.4000000000000001,1.0,0.5,0,0.5,1.0,0.0,3.69,1,0,0.0,5.925
H356,5,Female,0.30000000000000004,0.0,0.6000000000000001,0.0,0.0,0,0.5,0.3333333333333333,1.0,1.47,0,0,0.0,5.9
H357,6,Female,0.26249999999999996,1.0000000000000002,0.8,0.0,1.0,1,1.0,1.0,0.0,0.68,1,0,0.0,4.975
H358,7,Male,0.36250000000000004,0.4000000000000001,0.0,1.0,0.5,0,0.0,0.3333333333333333,1.0,1.41,2,0,0.0,6.275
H359,3,Female,0.08750000000000002,0.4000000000000001,0.6000000000000001,0.0,1.0,0,0.0,0.6666666666666666,0.0,1.3,0,0,0.0,2.825
H360,7,Male,0.9375,0.2,0.6000000000000001,1.0,1.0,1,1.0,1.0,0.0,2.02,0,0,0.0,5.125
H361,6,Male,0.55,0.2,0.6000000000000001,0.0,0.5,1,0.5,0.3333333333333333,0.0,2.38,0,0,0.0,2.4
H362,6,Female,0.30000000000000004,0.0,0.4000000000000001,0.0,1.0,0,1.0,0.3333333333333333,0.0,2.79,0,0,0.0,3.9
H363,6,Male,0.4,1.0000000000000002,0.2,1.0,1.0,0,0.0,0.6666666666666666,1.0,2.65,0,0,0.0,6.7
H364,7,Male,0.45000000000000007,0.4000000000000001,0.0,1.0,0.0,0,1.0,0.6666666666666666,0.0,1.72,0,0,0.0,5.6
H365,6,Female,0.6000000000000001,0.0,0.8,0.0,1.0,1,0.0,0.6666666666666666,0.0,0.63,2,0,0.0,1.7999999999999998
H366,7,Male,0.5125,0.6000000000000001,0.8,0.0,1.0,0,0.5,1.0,0.0,3.22,2,0,0.0,3.475
H367,6,Male,0.9249999999999998,0.0,0.2,0.0,1.0,0,0.0,1.0,0.0,2.28,1,0,0.0,1.6500000000000004
H368,5,Male,0.5,0.8,0.6000000000000001,0.0,1.0,1,0.5,0.6666666666666666,1.0,1.84,0,0,0.0,6.0
H369,6,Female,0.9875,0.0,0.0,0.0,0.5,0,0.5,0.0,0.0,4.4,1,0,0.0,1.025
H370,7,Male,0.8500000000000001,0.8,0.8,0.0,0.0,0,0.0,0.0,0.0,3.86,1,0,0.0,0.2999999999999998
H371,4,Female,0.21250000000000002,0.8,1.0000000000000002,1.0,1.0,0,0.0,0.3333333333333333,0.0,4.36,2,1,0.86,5.725
H372,6,Female,0.9249999999999998,0.8,0.8,1.0,1.0,0,0.5,0.0,1.0,2.73,1,0,0.0,5.65
H373,4,Male,0.11249999999999999,0.6000000000000001,0.6000000000000001,1.0,0.5,0,1.0,0.3333333333333333,0.0,1.09,2,0,0.0,5.775
H374,5,Male,0.8125,0.0,1.0000000000000002,0.0,1.0,0,0.0,1.0,0.0,3.63,1,0,0.0,1.875
H375,3,Male,0.375,0.0,0.2,0.0,0.5,0,0.5,1.0,0.0,1.43,0,0,0.0,3.75
H376,5,Female,0.875,0.6000000000000001,0.0,0.0,0.0,0,0.5,0.0,0.0,2.49,1,0,0.0,1.25
H377,6,Male,0.8625,0.4000000000000001,0.2,1.0,0.0,0,1.0,1.0,0.0,0.79,2,0,0.0,5.275
H378,4,Male,0.8,0.2,0.2,1.0,1.0,1,0.0,0.6666666666666666,0.0,4.21,2,0,0.0,2.9
H379,4,Male,0.7874999999999999,0.0,0.0,0.0,1.0,1,0.5,0.6666666666666666,0.0,1.07,2,0,0.0,2.4250000000000003
H380,7,Male,0.30000000000000004,0.2,0.0,0.0,1.0,0,1.0,0.0,0.0,4.56,1,0,0.0,3.4
H381,4,Male,0.07500000000000001,1.0000000000000002,0.8,1.0,0.5,0,0.5,0.0,0.0,4.39,1,0,0.0,4.35
H382,7,Female,0.4,1.0000000000000002,0.8,1.0,1.0,0,0.0,0.3333333333333333,0.0,2.59,2,0,0.0,3.2
H383,3,Female,0.17500000000000004,0.6000000000000001,0.0,1.0,1.0,1,1.0,1.0,0.0,3.85,0,0,0.0,6.65
H384,6,Male,0.7,1.0000000000000002,1.0000000000000002,0.0,0.0,0,0.5,0.3333333333333333,1.0,3.29,0,0,0.0,5.1
H385,7,Male,0.35,1.0000000000000002,0.4000000000000001,0.0,1.0,1,1.0,0.3333333333333333,1.0,4.11,1,0,0.0,6.8
H386,3,Male,0.9750000000000001,0.4000000000000001,0.8,0.0,0.0,0,0.0,0.6666666666666666,0.0,2.44,1,0,0.0,1.0499999999999998
H387,4,Male,0.6375,0.4000000000000001,0.4000000000000001,1.0,1.0,1,1.0,0.6666666666666666,0.0,4.04,2,0,0.0,5.225
H388,4,Female,0.825,0.4000000000000001,1.0000000000000002,1.0,0.0,1,0.0,0.6666666666666666,0.0,2.58,1,0,0.0,2.85
H389,3,Male,0.1375,1.0000000000000002,0.0,0.0,1.0,1,0.5,0.6666666666666666,0.0,4.73,1,0,0.0,3.725
H390,4,Female,0.8625,0.6000000000000001,1.0000000000000002,0.0,0.0,0,0.0,0.3333333333333333,0.0,2.69,2,0,0.0,0.7749999999999999
H391,3,Female,0.9249999999999998,0.8,0.8,1.0,0.5,0,0.5,0.6666666666666666,0.0,2.58,2,0,0.0,3.6500000000000004
H392,7,Male,0.48749999999999993,0.8,0.2,0.0,0.0,0,0.5,1.0,0.0,4.03,1,0,0.0,3.5250000000000004
H393,7,Female,0.6124999999999999,0.2,0.0,1.0,0.0,0,0.0,0.6666666666666666,1.0,4.2,0,0,0.0,6.275
H394,3,Female,0.7625000000000002,0.8,0.6000000000000001,1.0,0.0,0,0.5,0.6666666666666666,0.0,3.0,1,0,0.0,3.9749999999999996
H395,7,Female,0.17500000000000004,0.8,0.4000000000000001,0.0,1.0,0,1.0,0.6666666666666666,0.0,1.31,0,0,0.0,4.65
H396,7,Female,0.5,0.4000000000000001,1.0000000000000002,1.0,1.0,0,0.5,0.0,0.0,2.6,0,0,0.0,3.5
H397,7,Male,0.4,0.4000000000000001,0.0,0.0,1.0,0,0.0,1.0,0.0,4.86,0,0,0.0,2.7
H398,5,Male,0.15000000000000002,1.0000000000000002,1.0000000000000002,1.0,0.5,0,1.0,1.0,0.0,3.89,2,0,0.0,6.7
H399,6,Female,0.36250000000000004,0.2,0.0,1.0,0.5,0,1.0,0.3333333333333333,0.0,4.15,2,0,0.0,5.275
H400,4,Male,0.0625,0.0,0.8,0.0,0.0,1,0.5,0.3333333333333333,0.0,0.65,2,0,0.0,3.375
H401,5,Male,0.025000000000000022,0.2,0.8,1.0,0.5,0,0.5,0.6666666666666666,0.0,2.61,1,0,0.0,5.45
H402,7,Male,0.1375,0.2,0.8,0.0,0.0,0,0.0,0.0,1.0,3.41,2,0,0.0,4.725
H403,3,Male,0.9624999999999999,0.6000000000000001,1.0000000000000002,0.0,0.0,0,1.0,0.3333333333333333,0.0,4.24,2,0,0.0,2.575
H404,7,Male,0.55,1.0000000000000002,0.6000000000000001,1.0,0.0,1,0.0,0.3333333333333333,0.0,0.72,1,0,0.0,2.9
H405,6,Female,0.9624999999999999,0.6000000000000001,0.8,0.0,0.5,0,0.5,0.6666666666666666,0.0,4.34,1,0,0.0,2.075
H406,7,Male,0.4375,0.2,0.0,0.0,1.0,0,1.0,0.6666666666666666,0.0,2.97,0,0,0.0,4.125
H407,3,Male,0.3125,0.2,0.8,0.0,0.5,0,0.0,0.3333333333333333,0.0,1.39,1,0,0.0,1.875
H408,6,Male,0.5,0.2,0.2,0.0,0.0,0,0.0,0.3333333333333333,0.0,1.93,1,0,0.0,1.5
H409,7,Male,0.4375,0.8,0.8,0.0,0.0,0,0.0,1.0,1.0,1.77,2,0,0.0,5.625
H410,6,Female,0.10000000000000003,0.6000000000000001,1.0000000000000002,0.0,0.5,1,0.0,0.0,1.0,2.89,0,0,0.0,4.8
H411,4,Female,0.6375,0.2,0.6000000000000001,1.0,0.0,1,0.0,1.0,0.0,0.73,0,0,0.0,3.725
H412,4,Female,0.21250000000000002,0.4000000000000001,0.2,0.0,0.0,0,1.0,0.3333333333333333,1.0,1.21,1,0,0.0,7.075
H413,7,Female,0.625,1.0000000000000002,1.0000000000000002,1.0,0.5,0,0.0,1.0,0.0,4.16,2,0,0.0,3.75
H414,6,Male,0.6499999999999999,1.0000000000000002,1.0000000000000002,1.0,0.5,0,1.0,1.0,0.0,1.1,2,0,0.0,5.7
H415,3,Female,0.15000000000000002,0.4000000000000001,1.0000000000000002,0.0,0.5,0,0.0,0.3333333333333333,0.0,1.55,2,1,0.75,4.075
H416,7,Male,0.0625,1.0000000000000002,0.0,1.0,0.0,0,0.5,0.6666666666666666,0.0,2.54,2,0,0.0,5.375
H417,4,Male,0.7749999999999999,0.8,1.0000000000000002,1.0,0.0,0,0.5,0.3333333333333333,0.0,2.83,1,1,0.66,5.1000000000000005
H418,4,Male,0.4624999999999999,0.8,0.0,0.0,1.0,1,0.0,0.6666666666666666,0.0,3.94,2,0,0.0,2.075
H419,7,Male,0.0625,0.0,1.0000000000000002,0.0,1.0,1,0.5,0.3333333333333333,0.0,2.51,0,0,0.0,3.375
H420,6,Male,1.0,0.0,0.4000000000000001,0.0,0.5,0,1.0,0.3333333333333333,0.0,4.05,0,1,0.72,4.3
H421,4,Female,0.0625,0.0,0.2,1.0,1.0,0,0.0,0.3333333333333333,0.0,3.28,1,0,0.0,3.875
H422,6,Female,0.7,1.0000000000000002,0.4000000000000001,1.0,0.0,0,1.0,0.0,1.0,1.01,2,0,0.0,7.1
H423,4,Female,0.9875,0.8,1.0000000000000002,0.0,1.0,0,0.0,0.6666666666666666,0.0,1.2,2,0,0.0,1.025
H424,4,Female,0.23750000000000004,0.8,0.2,0.0,0.0,0,0.5,0.0,0.0,2.47,2,0,0.0,2.525
H425,5,Male,0.1375,0.8,0.2,1.0,0.5,0,1.0,0.3333333333333333,0.0,2.29,2,0,0.0,5.725
H426,4,Female,0.125,0.4000000000000001,0.6000000000000001,1.0,0.5,1,0.5,1.0,0.0,3.85,1,0,0.0,5.75
H427,3,Male,0.30000000000000004,0.8,0.4000000000000001,1.0,0.0,1,0.5,0.0,0.0,3.11,2,0,0.0,3.9
H428,7,Female,0.10000000000000003,0.4000000000000001,0.6000000000000001,1.0,1.0,0,0.0,0.6666666666666666,0.0,2.25,1,0,0.0,4.3
H429,7,Male,0.6875,0.0,0.2,0.0,0.5,0,1.0,0.3333333333333333,0.0,1.27,2,0,0.0,3.125
H430,6,Male,0.0625,0.0,0.0,1.0,0.5,0,0.5,0.0,0.0,1.52,2,0,0.0,4.375
H431,4,Female,0.5125,1.0000000000000002,0.2,1.0,1.0,0,0.0,1.0,0.0,3.09,0,0,0.0,3.975
H432,3,Male,1.0,0.0,0.6000000000000001,1.0,1.0,0,0.0,0.0,0.0,2.41,1,0,0.0,1.5
H433,6,Male,0.8125,1.0000000000000002,0.4000000000000001,1.0,0.0,0,0.0,0.6666666666666666,0.0,2.82,0,0,0.0,2.875
H434,5,Female,0.6124999999999999,0.2,1.0000000000000002,0.0,1.0,0,0.5,0.0,0.0,1.27,1,0,0.0,1.7750000000000001
H435,6,Male,0.3125,0.2,1.0000000000000002,0.0,1.0,0,0.0,1.0,1.0,3.48,2,1,0.53,7.2
H436,6,Female,0.625,0.6000000000000001,0.4000000000000001,1.0,1.0,1,1.0,1.0,0.0,4.34,2,0,0.0,5.75
H437,4,Female,0.525,1.0000000000000002,1.0000000000000002,1.0,0.0,0,1.0,0.6666666666666666,0.0,1.66,1,0,0.0,5.45
H438,5,Female,0.42500000000000004,0.6000000000000001,1.0000000000000002,0.0,0.0,0,0.5,1.0,0.0,2.71,0,0,0.0,3.65
H439,6,Male,0.125,0.6000000000000001,0.6000000000000001,0.0,0.5,0,1.0,0.3333333333333333,0.0,4.89,1,0,0.0,4.25
H440,3,Male,0.8875,0.2,0.4000000000000001,1.0,0.0,0,0.0,1.0,1.0,2.0,1,0,0.0,6.225
H441,3,Male,0.45000000000000007,1.0000000000000002,0.8,1.0,0.5,0,0.5,0.3333333333333333,0.0,3.18,2,0,0.0,4.1
H442,7,Female,0.19999999999999996,0.2,0.0,0.0,1.0,1,0.0,0.0,0.0,0.91,0,0,0.0,1.6
H443,5,Male,0.36250000000000004,0.6000000000000001,0.0,0.0,0.5,1,0.5,0.3333333333333333,0.0,3.23,1,0,0.0,2.775
H444,5,Female,0.4125000000000001,1.0000000000000002,1.0000000000000002,0.0,0.5,0,0.5,0.3333333333333333,0.0,0.9,0,0,0.0,2.675
H445,7,Female,0.825,0.6000000000000001,0.0,0.0,1.0,0,0.0,0.0,0.0,4.82,0,0,0.0,0.3500000000000001
H446,6,Male,0.7375,0.8,0.4000000000000001,0.0,0.5,0,1.0,1.0,0.0,3.72,1,0,0.0,4.025
H447,5,Female,0.7749999999999999,1.0000000000000002,0.4000000000000001,0.0,0.0,0,1.0,0.3333333333333333,0.0,4.05,0,0,0.0,2.95
H448,3,Male,0.012500000000000011,1.0000000000000002,0.2,1.0,0.0,1,0.5,1.0,0.0,3.67,2,0,0.0,5.975
H449,3,Male,0.4125000000000001,0.6000000000000001,0.2,0.0,0.0,0,0.0,0.0,0.0,3.15,2,0,0.0,1.1749999999999998
H450,4,Male,0.48749999999999993,0.8,0.0,0.0,0.0,0,0.0,0.6666666666666666,1.0,2.52,2,0,0.0,5.025
H451,5,Male,0.025000000000000022,0.4000000000000001,0.8,0.0,0.5,0,0.5,1.0,0.0,4.36,2,0,0.0,4.45
H452,6,Male,0.26249999999999996,0.2,0.2,0.0,0.5,0,1.0,1.0,0.0,4.81,0,1,0.65,6.6
H453,7,Female,0.7625000000000002,0.6000000000000001,0.2,1.0,1.0,1,0.0,0.6666666666666666,0.0,2.75,2,0,0.0,2.9749999999999996
H454,7,Female,0.1375,1.0000000000000002,0.4000000000000001,1.0,0.5,0,1.0,0.6666666666666666,0.0,4.69,1,0,0.0,6.225
H455,6,Female,0.5375,0.2,0.8,0.0,0.5,1,1.0,0.0,0.0,3.12,2,0,0.0,2.925
H456,4,Male,0.21250000000000002,0.2,1.0000000000000002,1.0,0.5,0,0.5,1.0,0.0,2.92,1,0,0.0,5.575
H457,7,Male,0.012500000000000011,0.2,0.0,1.0,1.0,1,0.5,1.0,0.0,2.55,1,0,0.0,5.975
H458,5,Male,0.23750000000000004,0.4000000000000001,0.2,1.0,0.0,0,1.0,0.0,0.0,1.44,2,0,0.0,5.025
H459,4,Female,0.9750000000000001,0.0,0.8,1.0,0.5,0,0.0,1.0,0.0,0.52,2,0,0.0,3.05
H460,5,Male,0.8,0.6000000000000001,0.8,1.0,1.0,1,0.0,0.3333333333333333,1.0,1.59,0,0,0.0,5.4
H461,3,Female,0.9624999999999999,0.0,0.0,1.0,1.0,0,0.5,0.3333333333333333,0.0,2.79,1,0,0.0,3.075
H462,4,Female,0.48749999999999993,0.0,0.8,0.0,1.0,0,1.0,0.3333333333333333,0.0,2.21,2,0,0.0,3.5250000000000004
H463,7,Male,0.11249999999999999,0.0,0.8,0.0,0.0,0,0.0,1.0,0.0,2.52,0,0,0.0,3.275
H464,4,Male,0.55,0.2,0.8,0.0,0.5,1,0.0,0.3333333333333333,0.0,4.91,2,1,0.97,3.8249999999999997
H465,4,Female,0.45000000000000007,0.8,0.2,0.0,1.0,0,0.5,0.3333333333333333,0.0,2.08,2,0,0.0,2.5999999999999996
H466,4,Male,0.8500000000000001,0.2,0.0,0.0,0.0,1,1.0,0.0,0.0,2.53,2,0,0.0,2.3
H467,4,Female,0.10000000000000003,0.2,0.8,1.0,1.0,0,0.0,0.0,0.0,1.1,1,0,0.0,3.3
H468,5,Male,0.48749999999999993,1.0000000000000002,0.8,0.0,1.0,0,0.5,0.6666666666666666,0.0,0.72,2,1,0.91,5.300000000000001
H469,3,Male,0.15000000000000002,1.0000000000000002,0.2,0.0,1.0,1,0.0,0.6666666666666666,0.0,3.99,0,0,0.0,2.7
H470,6,Female,0.32500000000000007,0.0,0.0,1.0,1.0,0,0.0,0.6666666666666666,0.0,3.07,2,0,0.0,3.8499999999999996
H471,4,Male,0.7375,0.2,0.4000000000000001,1.0,1.0,1,0.0,0.6666666666666666,0.0,3.92,2,0,0.0,3.025
H472,7,Female,0.475,0.0,0.2,0.0,0.0,1,0.5,0.0,0.0,1.17,0,0,0.0,2.05
H473,4,Male,0.375,1.0000000000000002,0.0,1.0,0.5,0,1.0,0.0,0.0,3.07,0,0,0.0,4.75
H474,7,Female,0.4,0.8,0.8,1.0,0.5,0,0.5,0.0,0.0,1.64,1,0,0.0,3.7
H475,5,Female,0.4624999999999999,0.6000000000000001,0.0,1.0,0.5,0,1.0,0.3333333333333333,0.0,1.53,1,0,0.0,5.075
H476,7,Male,0.7874999999999999,0.0,0.0,1.0,0.5,1,0.0,0.3333333333333333,0.0,0.55,1,0,0.0,2.4250000000000003
H477,6,Female,0.8875,0.8,1.0000000000000002,0.0,0.0,1,1.0,0.6666666666666666,0.0,1.09,1,1,0.56,4.625
H478,3,Male,0.95,0.6000000000000001,0.0,1.0,0.0,0,0.0,0.3333333333333333,0.0,1.89,0,0,0.0,2.1
H479,7,Male,0.7874999999999999,0.4000000000000001,0.4000000000000001,0.0,0.0,0,0.0,1.0,0.0,1.03,2,0,0.0,1.9250000000000003
H480,7,Male,0.3125,0.0,0.0,0.0,1.0,0,0.5,0.0,0.0,4.94,2,0,0.0,2.375
H481,3,Female,0.6875,0.0,0.4000000000000001,1.0,1.0,1,0.0,0.6666666666666666,0.0,1.89,2,0,0.0,3.125
H482,6,Female,0.4375,0.4000000000000001,0.8,1.0,1.0,0,0.5,0.6666666666666666,0.0,1.09,1,0,0.0,4.625
H483,4,Male,0.25,0.4000000000000001,0.4000000000000001,1.0,0.5,0,1.0,1.0,0.0,1.4,0,0,0.0,6.5
H484,7,Male,0.8374999999999999,0.0,0.8,0.0,1.0,0,1.0,0.3333333333333333,0.0,3.14,0,1,0.48,4.025
H485,3,Female,0.03750000000000003,0.4000000000000001,0.8,1.0,0.5,1,0.0,0.6666666666666666,0.0,0.79,0,0,0.0,4.425
H486,5,Male,0.9000000000000001,0.2,0.4000000000000001,1.0,1.0,0,0.5,0.3333333333333333,0.0,4.38,2,0,0.0,3.1999999999999997
H487,3,Male,0.4624999999999999,0.6000000000000001,0.2,1.0,0.5,0,0.0,0.3333333333333333,0.0,4.83,1,0,0.0,3.075
H488,5,Female,0.6375,0.6000000000000001,0.6000000000000001,1.0,1.0,0,0.5,1.0,1.0,1.61,0,0,0.0,7.725
H489,6,Male,0.6625,0.6000000000000001,0.0,1.0,1.0,0,0.5,0.6666666666666666,0.0,2.53,1,0,0.0,4.175
H490,4,Female,0.9000000000000001,0.2,1.0000000000000002,0.0,0.0,1,0.5,0.3333333333333333,0.0,0.6,0,0,0.0,1.6999999999999997
H491,3,Male,0.6375,0.4000000000000001,0.6000000000000001,1.0,1.0,1,1.0,0.3333333333333333,0.0,3.38,1,0,0.0,4.725
H492,7,Female,0.6124999999999999,0.8,0.0,1.0,1.0,0,0.5,1.0,0.0,2.36,0,0,0.0,4.775
H493,6,Male,0.0625,0.4000000000000001,0.0,1.0,0.0,0,1.0,1.0,0.0,1.72,1,0,0.0,6.875
H494,3,Male,0.5125,0.0,0.8,0.0,0.5,0,0.5,0.3333333333333333,0.0,1.43,0,0,0.0,2.475
H495,7,Female,0.15000000000000002,1.0000000000000002,0.0,1.0,0.0,0,1.0,1.0,0.0,3.44,0,0,0.0,6.7
H496,3,Male,0.7375,0.6000000000000001,1.0000000000000002,0.0,0.0,1,1.0,0.3333333333333333,0.0,2.37,1,0,0.0,3.025
H497,5,Female,0.5125,0.4000000000000001,0.0,0.0,0.5,0,1.0,0.6666666666666666,0.0,1.31,1,0,0.0,3.975
H498,3,Male,0.675,0.8,0.4000000000000001,1.0,1.0,0,0.0,0.0,0.0,3.6,2,0,0.0,2.15
H499,3,Female,0.03750000000000003,0.0,0.6000000000000001,1.0,0.5,0,0.5,1.0,0.0,3.04,1,0,0.0,5.925
H500,3,Female,0.08750000000000002,0.2,0.4000000000000001,1.0,1.0,0,0.0,0.0,0.0,4.36,0,0,0.0,3.325
H501,6,Female,0.7125,0.2,1.0000000000000002,0.0,1.0,0,0.5,0.3333333333333333,0.0,1.03,0,1,0.5,3.325
H502,3,Female,0.07500000000000001,0.8,0.0,0.0,0.5,0,0.5,0.3333333333333333,0.0,4.04,1,0,0.0,3.35
H503,7,Male,0.07500000000000001,0.0,1.0000000000000002,0.0,0.0,0,0.0,0.3333333333333333,0.0,3.53,2,0,0.0,2.35
H504,5,Male,0.012500000000000011,0.6000000000000001,0.8,0.0,0.5,1,1.0,0.0,0.0,1.02,1,0,0.0,3.975
H505,5,Female,0.9624999999999999,0.4000000000000001,0.4000000000000001,0.0,1.0,0,0.5,0.3333333333333333,0.0,3.63,0,1,0.42,2.625
H506,3,Female,0.7375,0.0,0.4000000000000001,0.0,0.5,0,1.0,1.0,0.0,2.49,0,0,0.0,4.025
H507,6,Female,0.35,0.2,0.2,1.0,0.5,1,0.0,0.6666666666666666,1.0,4.75,2,0,0.0,6.8
H508,6,Male,0.30000000000000004,0.8,0.0,1.0,1.0,0,1.0,0.6666666666666666,1.0,1.14,1,1,0.65,10.525
H509,7,Male,0.35,0.8,0.8,0.0,0.0,1,0.5,1.0,0.0,3.39,0,0,0.0,3.8
H510,3,Male,0.7749999999999999,0.4000000000000001,0.4000000000000001,1.0,0.5,0,0.5,0.6666666666666666,0.0,2.22,0,0,0.0,3.95
H511,5,Male,0.6625,0.8,0.4000000000000001,1.0,1.0,0,0.5,0.0,0.0,4.81,0,0,0.0,3.175
H512,6,Female,0.1875,0.8,0.8,0.0,1.0,0,0.0,0.3333333333333333,0.0,1.98,1,0,0.0,2.125
H513,3,Female,0.17500000000000004,0.0,1.0000000000000002,0.0,0.5,0,0.5,0.3333333333333333,0.0,4.83,1,0,0.0,3.15
H514,6,Female,0.10000000000000003,0.6000000000000001,1.0000000000000002,1.0,0.0,0,0.0,0.3333333333333333,0.0,4.56,2,0,0.0,3.8
H515,6,Male,0.6625,0.4000000000000001,0.0,0.0,0.5,1,1.0,0.0,1.0,1.72,0,0,0.0,5.675
H516,5,Male,0.7625000000000002,0.0,0.2,0.0,0.0,0,0.5,0.0,0.0,4.12,0,0,0.0,1.4749999999999996
H517,4,Male,0.26249999999999996,0.6000000000000001,0.4000000000000001,1.0,0.0,0,0.5,0.0,0.0,4.98,2,0,0.0,3.975
H518,7,Female,0.025000000000000022,0.0,0.2,0.0,0.0,0,0.5,1.0,0.0,1.64,0,0,0.0,4.45
H519,7,Female,0.08750000000000002,1.0000000000000002,1.0000000000000002,1.0,0.0,0,1.0,0.0,0.0,2.47,2,0,0.0,5.325
H520,5,Male,0.9624999999999999,0.0,1.0000000000000002,1.0,0.5,0,0.5,0.6666666666666666,0.0,2.84,2,0,0.0,3.575
H521,6,Female,0.30000000000000004,0.8,0.6000000000000001,1.0,1.0,0,0.0,1.0,0.0,1.83,0,0,0.0,4.4
H522,3,Male,0.7749999999999999,0.6000000000000001,0.0,1.0,1.0,1,1.0,1.0,0.0,0.57,1,1,0.73,7.275
H523,6,Male,0.625,0.4000000000000001,0.6000000000000001,1.0,1.0,1,1.0,1.0,0.0,1.49,1,0,0.0,5.75
H524,5,Female,0.38749999999999996,0.4000000000000001,0.6000000000000001,0.0,1.0,0,1.0,0.0,0.0,1.77,1,0,0.0,3.225
H525,7,Male,0.19999999999999996,0.6000000000000001,0.6000000000000001,0.0,1.0,0,1.0,1.0,1.0,2.5,1,0,0.0,8.1
H526,6,Female,0.125,0.8,0.0,0.0,1.0,1,1.0,0.0,0.0,1.27,0,1,0.78,5.7
H527,7,Male,0.6124999999999999,0.2,0.0,0.0,0.5,1,0.0,0.0,0.0,4.43,2,1,0.84,2.875
H528,3,Female,0.7749999999999999,0.0,0.8,1.0,0.0,0,1.0,1.0,0.0,3.67,2,0,0.0,5.45
H529,7,Female,0.6499999999999999,0.8,0.2,1.0,1.0,1,0.5,0.3333333333333333,0.0,0.88,0,0,0.0,3.7
H530,7,Female,0.525,1.0000000000000002,0.2,0.0,0.5,0,1.0,0.3333333333333333,0.0,3.43,1,0,0.0,3.45
H531,4,Male,0.03750000000000003,0.6000000000000001,0.8,1.0,1.0,1,1.0,1.0,1.0,3.44,2,0,0.0,9.925
H532,4,Male,0.9624999999999999,0.0,0.8,0.0,1.0,0,1.0,0.3333333333333333,0.0,4.8,0,0,0.0,2.575
H533,4,Female,0.8,0.4000000000000001,1.0000000000000002,0.0,0.0,0,1.0,0.6666666666666666,0.0,0.51,0,0,0.0,3.4
H534,7,Female,0.2875,0.2,0.6000000000000001,0.0,0.0,1,1.0,0.6666666666666666,0.0,1.62,1,0,0.0,4.425
H535,5,Male,0.9750000000000001,1.0000000000000002,0.8,1.0,0.0,0,0.0,0.0,0.0,4.68,0,0,0.0,1.5499999999999998
H536,7,Male,0.6000000000000001,0.4000000000000001,0.4000000000000001,1.0,1.0,0,0.0,0.3333333333333333,0.0,4.69,2,0,0.0,2.8
H537,5,Male,0.5875,0.6000000000000001,0.2,1.0,1.0,0,1.0,0.6666666666666666,0.0,3.74,2,1,0.7,7.075
H538,5,Female,0.75,0.0,0.8,1.0,1.0,1,0.0,1.0,0.0,3.95,0,0,0.0,3.5
H539,4,Male,0.8125,0.6000000000000001,0.4000000000000001,0.0,0.0,1,0.5,0.3333333333333333,0.0,0.91,2,0,0.0,1.875
H540,6,Male,0.6625,0.0,0.4000000000000001,1.0,0.5,1,1.0,0.6666666666666666,1.0,2.81,0,0,0.0,8.175
H541,3,Female,0.125,0.8,0.4000000000000001,1.0,1.0,0,0.5,0.6666666666666666,0.0,1.54,2,0,0.0,5.25
H542,4,Male,0.3374999999999999,0.2,1.0000000000000002,1.0,1.0,1,0.5,1.0,0.0,1.32,1,0,0.0,5.325
H543,4,Male,0.9249999999999998,0.8,1.0000000000000002,0.0,1.0,0,1.0,0.0,0.0,4.15,2,0,0.0,2.1500000000000004
H544,6,Male,0.22499999999999998,0.8,0.4000000000000001,0.0,0.5,0,0.5,1.0,0.0,1.11,1,0,0.0,4.05
H545,3,Female,0.375,0.6000000000000001,1.0000000000000002,1.0,1.0,1,0.5,0.0,0.0,2.61,1,0,0.0,3.75
H546,7,Female,0.4375,0.2,0.6000000000000001,1.0,0.5,0,0.5,0.6666666666666666,0.0,4.72,0,0,0.0,4.625
H547,7,Female,0.4375,0.0,0.4000000000000001,1.0,1.0,0,1.0,0.0,1.0,1.34,1,0,0.0,7.625
H548,4,Female,0.6124999999999999,0.0,0.6000000000000001,1.0,0.5,0,1.0,0.6666666666666666,0.0,4.9,2,0,0.0,5.275
H549,3,Female,0.9375,1.0000000000000002,0.6000000000000001,0.0,1.0,0,0.5,0.6666666666666666,0.0,4.97,2,0,0.0,2.125
H550,4,Female,0.23750000000000004,0.4000000000000001,0.4000000000000001,1.0,0.0,1,1.0,0.3333333333333333,1.0,3.0,1,0,0.0,8.525
H551,5,Female,0.125,1.0000000000000002,0.2,1.0,0.0,0,1.0,0.0,0.0,1.27,0,0,0.0,5.25
H552,4,Male,0.19999999999999996,1.0000000000000002,0.4000000000000001,1.0,0.0,1,0.5,0.0,0.0,1.92,1,1,0.88,6.3
H553,4,Male,0.8875,0.0,0.4000000000000001,0.0,0.0,0,1.0,0.0,0.0,2.41,2,1,0.8,4.225
H554,7,Female,0.6499999999999999,0.6000000000000001,1.0000000000000002,0.0,1.0,0,0.0,1.0,0.0,1.89,2,0,0.0,2.2
H555,7,Male,0.2875,0.8,0.4000000000000001,1.0,0.0,0,1.0,0.3333333333333333,0.0,1.76,1,0,0.0,5.425
H556,7,Male,0.8125,0.8,0.2,1.0,0.5,1,0.0,0.3333333333333333,0.0,4.88,1,0,0.0,2.375
H557,5,Female,0.8625,0.8,1.0000000000000002,1.0,0.0,0,0.5,0.3333333333333333,0.0,1.19,1,0,0.0,3.275
H558,7,Male,0.8500000000000001,0.2,0.0,1.0,0.0,1,1.0,1.0,1.0,3.8,2,0,0.0,8.3
H559,3,Male,0.9249999999999998,0.0,0.0,1.0,0.0,0,0.5,0.0,0.0,0.5,2,0,0.0,2.6500000000000004
H560,6,Male,0.25,0.6000000000000001,0.6000000000000001,0.0,1.0,0,0.5,0.0,0.0,3.18,2,0,0.0,2.5
H561,3,Male,0.75,0.2,0.6000000000000001,0.0,0.0,0,0.5,0.0,0.0,4.62,0,0,0.0,1.5
H562,3,Male,0.4624999999999999,0.4000000000000001,0.2,0.0,0.5,1,0.5,0.3333333333333333,1.0,1.8,2,0,0.0,5.575
H563,7,Female,0.8374999999999999,0.6000000000000001,0.8,1.0,0.0,1,0.5,0.3333333333333333,0.0,1.33,2,0,0.0,3.325
H564,6,Female,0.7250000000000001,1.0000000000000002,0.0,0.0,0.0,0,1.0,0.6666666666666666,1.0,3.43,0,0,0.0,6.55
H565,6,Female,0.7749999999999999,0.6000000000000001,0.6000000000000001,0.0,0.0,0,0.0,1.0,0.0,3.71,0,0,0.0,1.9500000000000002
H566,6,Male,0.6499999999999999,0.6000000000000001,0.0,0.0,0.5,0,1.0,1.0,0.0,3.6,0,0,0.0,4.2
H567,5,Female,0.17500000000000004,0.8,0.2,1.0,0.0,1,1.0,0.3333333333333333,0.0,1.94,0,0,0.0,5.65
H568,7,Male,0.55,0.6000000000000001,0.2,1.0,0.5,0,1.0,0.6666666666666666,0.0,1.63,0,0,0.0,5.4
H569,6,Male,0.9875,1.0000000000000002,0.8,0.0,0.5,1,1.0,0.0,0.0,4.8,0,0,0.0,2.025
H570,5,Male,0.9375,1.0000000000000002,0.8,1.0,0.0,1,0.0,0.3333333333333333,0.0,4.65,1,0,0.0,2.125
H571,4,Male,0.03750000000000003,0.0,1.0000000000000002,0.0,0.5,0,1.0,1.0,0.0,2.56,1,0,0.0,5.425
H572,4,Female,0.16250000000000003,0.6000000000000001,0.2,0.0,1.0,1,0.5,1.0,0.0,4.31,1,0,0.0,4.175
H573,5,Female,0.1375,0.8,0.6000000000000001,0.0,0.0,0,1.0,1.0,0.0,2.54,1,0,0.0,5.225
H574,5,Male,0.7250000000000001,0.6000000000000001,0.0,0.0,0.0,0,1.0,0.0,0.0,2.41,2,0,0.0,2.55
H575,7,Female,0.8125,0.4000000000000001,0.4000000000000001,1.0,0.5,0,0.0,1.0,0.0,1.21,0,0,0.0,3.375
H576,7,Male,0.21250000000000002,0.4000000000000001,0.8,1.0,0.5,0,0.0,0.0,0.0,2.42,2,0,0.0,3.075
H577,4,Female,0.5,0.8,0.4000000000000001,1.0,0.0,1,0.5,0.0,0.0,2.92,0,0,0.0,3.5
H578,6,Female,0.8374999999999999,0.0,0.6000000000000001,1.0,1.0,0,1.0,0.0,0.0,0.6,0,0,0.0,3.825
H579,4,Male,0.7375,0.0,0.8,0.0,0.5,0,1.0,0.3333333333333333,0.0,2.5,2,0,0.0,3.025
H580,6,Female,0.5375,1.0000000000000002,0.4000000000000001,1.0,0.5,0,1.0,0.0,0.0,4.02,1,1,0.84,6.525
H581,6,Male,0.5875,1.0000000000000002,0.6000000000000001,0.0,1.0,0,0.5,0.6666666666666666,0.0,3.56,2,0,0.0,2.825
H582,7,Female,0.5125,0.2,0.0,1.0,1.0,0,0.0,1.0,0.0,3.36,2,0,0.0,3.975
H583,3,Male,0.30000000000000004,0.8,0.6000000000000001,1.0,0.0,0,0.5,0.3333333333333333,0.0,4.59,0,0,0.0,4.4
H584,3,Male,0.5625,0.6000000000000001,1.0000000000000002,1.0,1.0,0,1.0,1.0,0.0,0.58,0,0,0.0,5.875
H585,5,Female,0.6875,0.8,0.8,0.0,0.0,1,0.0,0.0,0.0,3.01,0,0,0.0,0.625
H586,7,Female,0.875,0.2,0.2,0.0,1.0,1,0.0,0.3333333333333333,0.0,4.04,1,0,0.0,0.75
H587,6,Male,0.6375,1.0000000000000002,0.0,0.0,0.5,0,0.5,0.6666666666666666,0.0,2.94,2,0,0.0,2.725
H588,3,Female,0.7625000000000002,0.8,0.4000000000000001,0.0,0.0,1,0.0,0.0,0.0,1.96,2,0,0.0,0.47499999999999964
H589,6,Female,0.16250000000000003,0.8,0.8,1.0,0.0,0,0.0,1.0,0.0,1.11,1,0,0.0,4.675
H590,3,Male,0.4624999999999999,1.0000000000000002,0.2,0.0,0.0,0,1.0,0.6666666666666666,0.0,4.49,2,1,0.82,6.125
H591,3,Male,0.012500000000000011,0.2,0.6000000000000001,0.0,1.0,0,1.0,0.0,0.0,2.62,2,0,0.0,3.975
H592,3,Female,0.25,1.0000000000000002,0.2,1.0,0.5,0,0.0,0.6666666666666666,0.0,4.45,0,0,0.0,4.0
H593,7,Male,0.7250000000000001,0.0,0.8,1.0,0.0,0,0.0,0.0,0.0,3.14,1,0,0.0,2.05
H594,4,Male,0.9875,0.6000000000000001,0.8,0.0,0.0,1,0.5,0.3333333333333333,0.0,3.53,0,0,0.0,1.525
H595,6,Male,0.10000000000000003,1.0000000000000002,1.0000000000000002,1.0,0.0,0,0.5,0.0,0.0,4.12,1,0,0.0,4.3
H596,7,Female,0.4,0.2,1.0000000000000002,0.0,0.0,1,0.0,0.3333333333333333,1.0,3.47,0,1,0.47,5.875
H597,7,Female,0.8,0.4000000000000001,0.2,1.0,0.5,0,1.0,0.0,0.0,2.29,2,0,0.0,3.9
H598,7,Male,0.19999999999999996,0.0,0.6000000000000001,0.0,1.0,1,0.0,0.0,0.0,2.81,1,1,0.61,3.125
H599,7,Female,0.55,0.4000000000000001,0.2,0.0,0.5,0,0.0,1.0,0.0,4.11,1,0,0.0,2.4
H600,7,Male,0.7375,1.0000000000000002,0.8,0.0,0.0,0,1.0,0.6666666666666666,0.0,2.18,0,0,0.0,3.525
H601,5,Female,0.6124999999999999,0.0,0.8,0.0,0.5,0,1.0,0.6666666666666666,0.0,2.25,1,0,0.0,3.7750000000000004
H602,6,Male,0.1875,0.6000000000000001,0.4000000000000001,0.0,0.0,0,0.5,0.6666666666666666,0.0,0.93,2,1,0.84,5.725
H603,7,Male,0.35,1.0000000000000002,1.0000000000000002,1.0,1.0,0,0.5,0.0,1.0,4.62,2,0,0.0,6.8
H604,6,Female,0.7874999999999999,0.6000000000000001,0.4000000000000001,0.0,1.0,1,0.5,0.0,0.0,0.91,2,0,0.0,1.4250000000000003
H605,5,Male,0.55,0.8,0.0,0.0,1.0,0,0.5,0.0,0.0,3.42,0,0,0.0,1.9
H606,5,Female,0.0,0.4000000000000001,0.8,0.0,0.0,1,1.0,0.3333333333333333,0.0,2.36,1,0,0.0,4.5
H607,6,Female,0.7625000000000002,0.0,0.4000000000000001,0.0,0.5,0,0.0,0.3333333333333333,0.0,2.33,0,0,0.0,0.9749999999999996
H608,3,Male,0.03750000000000003,0.6000000000000001,0.2,0.0,1.0,1,0.5,1.0,0.0,3.56,2,0,0.0,4.425
H609,4,Male,0.75,0.2,1.0000000000000002,1.0,0.0,0,0.5,0.0,0.0,0.8,1,0,0.0,3.0
H610,3,Female,0.19999999999999996,0.6000000000000001,1.0000000000000002,1.0,0.0,0,1.0,0.6666666666666666,0.0,3.17,2,0,0.0,6.1
H611,3,Male,0.9624999999999999,0.2,0.6000000000000001,0.0,0.5,1,1.0,0.6666666666666666,0.0,3.97,1,0,0.0,3.075
H612,3,Male,0.36250000000000004,1.0000000000000002,0.2,1.0,1.0,0,0.0,1.0,0.0,4.23,1,0,0.0,4.275
H613,7,Male,0.32500000000000007,0.0,0.6000000000000001,0.0,0.0,0,0.0,0.6666666666666666,0.0,1.27,0,0,0.0,2.3499999999999996
H614,5,Male,0.15000000000000002,0.6000000000000001,0.4000000000000001,1.0,0.5,0,1.0,1.0,0.0,4.54,1,1,0.83,8.775
H615,3,Male,0.30000000000000004,0.6000000000000001,0.0,1.0,1.0,0,0.5,0.0,0.0,3.45,2,1,0.65,5.525
H616,5,Female,0.875,0.0,0.2,0.0,0.5,0,0.5,0.6666666666666666,0.0,4.47,1,0,0.0,2.25
H617,6,Female,1.0,0.6000000000000001,0.2,1.0,0.5,1,0.5,0.0,0.0,2.68,2,0,0.0,2.5
H618,4,Male,0.36250000000000004,0.2,0.2,1.0,0.0,0,0.0,0.3333333333333333,1.0,2.94,0,0,0.0,6.275
H619,6,Male,0.45000000000000007,0.6000000000000001,0.6000000000000001,0.0,0.0,0,0.5,0.6666666666666666,1.0,4.64,2,1,0.94,8.45
H620,6,Male,0.7250000000000001,0.4000000000000001,0.4000000000000001,0.0,0.0,0,0.5,0.3333333333333333,0.0,4.55,1,0,0.0,2.05
H621,7,Female,0.8875,1.0000000000000002,0.2,1.0,0.5,0,1.0,0.6666666666666666,0.0,2.52,2,0,0.0,4.725
H622,4,Male,0.5875,0.8,0.2,1.0,0.0,0,0.5,0.0,0.0,1.73,2,0,0.0,3.325
H623,6,Female,0.38749999999999996,0.2,1.0000000000000002,1.0,0.5,1,1.0,1.0,0.0,2.27,1,0,0.0,6.225
H624,6,Female,0.4125000000000001,0.4000000000000001,0.0,0.0,0.5,0,0.5,0.0,0.0,2.24,2,0,0.0,2.175
H625,4,Female,0.7,1.0000000000000002,1.0000000000000002,1.0,0.0,1,0.0,0.0,0.0,1.79,1,1,0.85,4.225
H626,4,Male,0.0,0.0,1.0000000000000002,1.0,1.0,0,0.5,0.0,0.0,1.71,0,0,0.0,4.5
H627,6,Female,0.625,0.2,0.0,1.0,1.0,0,0.5,0.6666666666666666,0.0,4.37,2,0,0.0,4.25
H628,4,Male,0.35,0.8,0.4000000000000001,0.0,1.0,0,1.0,1.0,0.0,0.81,0,0,0.0,4.8
H629,6,Female,0.8,1.0000000000000002,1.0000000000000002,0.0,0.5,0,1.0,0.3333333333333333,0.0,3.55,2,0,0.0,2.9
H630,6,Male,0.08750000000000002,0.8,0.4000000000000001,0.0,0.5,0,1.0,0.0,0.0,1.28,2,0,0.0,3.825
H631,7,Female,0.5875,0.0,1.0000000000000002,0.0,0.5,0,0.5,0.6666666666666666,1.0,2.05,0,0,0.0,5.825
H632,3,Male,0.475,0.0,0.8,1.0,0.0,1,0.5,0.3333333333333333,0.0,0.78,2,0,0.0,4.05
H633,6,Female,0.6375,0.2,0.0,0.0,0.5,0,0.0,0.0,0.0,1.71,2,0,0.0,0.7250000000000001
H634,5,Male,0.0625,0.6000000000000001,1.0000000000000002,1.0,0.0,1,0.5,0.3333333333333333,0.0,3.96,0,0,0.0,4.875
H635,3,Male,0.5750000000000001,0.0,0.8,1.0,0.0,0,0.0,0.0,0.0,4.48,2,0,0.0,2.3499999999999996
H636,3,Male,0.5625,1.0000000000000002,0.6000000000000001,1.0,1.0,1,1.0,0.3333333333333333,0.0,1.5,1,0,0.0,4.875
H637,3,Male,0.5625,0.6000000000000001,0.8,1.0,1.0,1,1.0,0.3333333333333333,0.0,2.59,2,0,0.0,4.875
H638,7,Female,0.6000000000000001,0.4000000000000001,0.2,0.0,1.0,0,1.0,1.0,0.0,2.62,2,0,0.0,4.3
H639,6,Female,0.675,0.8,1.0000000000000002,0.0,0.0,1,0.0,1.0,0.0,4.43,2,0,0.0,2.15
H640,7,Male,0.8,0.6000000000000001,0.8,0.0,0.0,0,0.5,0.0,0.0,3.93,0,0,0.0,1.4
H641,6,Female,0.275,0.8,0.4000000000000001,0.0,0.0,1,1.0,0.6666666666666666,0.0,2.81,1,0,0.0,4.45
H642,7,Male,0.825,0.6000000000000001,0.6000000000000001,0.0,0.5,0,0.5,1.0,0.0,3.52,1,0,0.0,2.85
H643,7,Male,0.5,0.4000000000000001,1.0000000000000002,1.0,0.0,0,0.5,0.3333333333333333,0.0,4.31,2,0,0.0,4.0
H644,5,Female,0.07500000000000001,0.0,0.2,0.0,1.0,1,1.0,1.0,0.0,0.54,0,0,0.0,5.35
H645,7,Male,0.0625,0.4000000000000001,0.8,0.0,1.0,0,0.0,1.0,0.0,2.31,0,1,0.72,5.175
H646,4,Male,0.3374999999999999,0.0,0.6000000000000001,0.0,0.0,0,0.5,0.0,1.0,4.58,1,0,0.0,5.325
H647,5,Female,0.7874999999999999,0.0,1.0000000000000002,0.0,0.0,1,1.0,1.0,0.0,3.83,0,0,0.0,3.9250000000000003
H648,7,Male,0.7125,0.8,0.6000000000000001,1.0,1.0,0,0.5,1.0,1.0,2.94,2,0,0.0,7.575
H649,3,Male,0.7874999999999999,1.0000000000000002,0.2,1.0,0.0,0,0.5,0.3333333333333333,0.0,2.88,2,0,0.0,3.4250000000000003
H650,4,Male,0.5125,0.4000000000000001,0.8,1.0,1.0,0,0.5,1.0,0.0,2.06,0,0,0.0,4.975
H651,4,Male,0.4375,0.6000000000000001,0.6000000000000001,1.0,0.5,0,0.5,0.3333333333333333,1.0,2.84,2,1,0.66,8.775
H652,4,Female,0.15000000000000002,0.4000000000000001,0.6000000000000001,1.0,1.0,1,0.5,1.0,0.0,3.45,1,0,0.0,5.7
H653,5,Female,0.32500000000000007,0.8,0.0,0.0,0.5,0,0.0,1.0,0.0,2.38,2,0,0.0,2.8499999999999996
H654,7,Female,0.4375,0.0,0.6000000000000001,1.0,0.0,0,0.0,0.6666666666666666,0.0,3.71,0,0,0.0,3.625
H655,7,Male,0.08750000000000002,0.8,0.0,1.0,0.0,0,1.0,1.0,0.0,4.38,1,1,0.69,8.55
H656,3,Male,0.22499999999999998,0.2,0.8,1.0,0.5,1,0.0,0.3333333333333333,1.0,1.2,2,0,0.0,6.55
H657,3,Female,0.6000000000000001,0.2,1.0000000000000002,0.0,0.0,0,0.0,0.3333333333333333,0.0,2.53,1,0,0.0,1.2999999999999998
H658,4,Male,0.7375,0.6000000000000001,1.0000000000000002,0.0,0.5,0,0.0,0.0,0.0,2.34,0,0,0.0,0.5249999999999999
H659,3,Male,1.0,0.8,0.8,1.0,0.0,1,0.5,0.0,0.0,3.59,2,0,0.0,2.5
H660,5,Male,0.9375,0.6000000000000001,0.8,0.0,1.0,0,0.5,0.6666666666666666,0.0,1.62,2,0,0.0,2.125
H661,7,Male,0.6375,0.6000000000000001,0.4000000000000001,0.0,0.0,0,1.0,0.3333333333333333,0.0,3.38,1,0,0.0,3.225
H662,4,Female,0.42500000000000004,0.2,0.8,1.0,1.0,0,1.0,0.3333333333333333,0.0,4.45,2,0,0.0,5.15
H663,3,Female,0.6375,0.6000000000000001,0.6000000000000001,0.0,1.0,0,1.0,0.3333333333333333,0.0,2.38,2,0,0.0,3.225
H664,5,Female,0.7874999999999999,0.2,1.0000000000000002,0.0,0.5,0,0.5,0.6666666666666666,0.0,4.6,2,0,0.0,2.4250000000000003
H665,5,Male,0.11249999999999999,0.0,0.2,0.0,0.0,0,0.0,0.3333333333333333,1.0,4.97,2,0,0.0,5.275
H666,3,Female,0.4125000000000001,0.8,1.0000000000000002,1.0,0.5,1,0.0,0.0,0.0,0.98,0,0,0.0,2.675
H667,7,Female,0.8374999999999999,0.6000000000000001,0.0,1.0,0.0,0,0.5,0.6666666666666666,0.0,1.55,2,0,0.0,3.825
H668,3,Male,0.38749999999999996,0.2,1.0000000000000002,1.0,1.0,1,1.0,0.0,0.0,4.78,1,0,0.0,4.725
H669,4,Male,0.5750000000000001,0.4000000000000001,0.4000000000000001,0.0,1.0,0,1.0,0.0,0.0,4.81,0,0,0.0,2.8499999999999996
H670,3,Female,0.5875,0.6000000000000001,0.8,1.0,0.0,1,1.0,0.6666666666666666,0.0,0.94,1,0,0.0,5.325
H671,5,Female,0.1875,1.0000000000000002,0.8,0.0,0.0,1,0.5,1.0,1.0,0.57,1,0,0.0,7.125
H672,3,Female,0.36250000000000004,0.0,1.0000000000000002,0.0,0.5,0,1.0,1.0,0.0,1.22,1,0,0.0,4.775
H673,7,Female,0.3374999999999999,0.0,0.2,0.0,0.0,0,1.0,0.0,1.0,4.98,0,0,0.0,6.325
H674,6,Male,0.025000000000000022,0.4000000000000001,0.2,1.0,0.0,0,0.5,1.0,0.0,1.31,0,1,0.83,8.025
H675,3,Female,0.025000000000000022,0.2,0.4000000000000001,1.0,0.0,1,0.0,0.3333333333333333,0.0,2.76,0,0,0.0,3.95
H676,7,Female,0.8374999999999999,0.6000000000000001,0.0,1.0,0.5,1,0.5,0.6666666666666666,0.0,4.32,2,0,0.0,3.825
H677,7,Male,0.275,0.2,1.0000000000000002,1.0,0.0,0,0.5,0.0,0.0,0.59,1,0,0.0,3.95
H678,5,Female,0.5125,0.0,0.8,0.0,1.0,0,0.5,0.3333333333333333,0.0,3.22,0,1,0.47,3.65
H679,7,Male,0.30000000000000004,0.2,1.0000000000000002,1.0,0.5,0,0.5,1.0,1.0,1.75,1,0,0.0,8.4
H680,7,Male,0.9375,0.0,0.4000000000000001,0.0,0.5,1,0.0,0.3333333333333333,0.0,4.38,0,0,0.0,0.625
H681,7,Male,0.26249999999999996,0.2,0.6000000000000001,1.0,1.0,0,1.0,1.0,1.0,1.78,0,0,0.0,9.475
H682,7,Female,0.42500000000000004,0.4000000000000001,0.6000000000000001,1.0,1.0,0,0.5,0.0,0.0,3.59,0,0,0.0,3.65
H683,4,Female,0.875,0.8,0.4000000000000001,1.0,1.0,0,0.0,0.3333333333333333,0.0,3.53,1,0,0.0,2.25
H684,4,Male,0.8374999999999999,0.4000000000000001,0.8,0.0,0.0,0,1.0,0.6666666666666666,0.0,1.5,2,0,0.0,3.325
H685,5,Female,0.1875,0.4000000000000001,0.4000000000000001,0.0,1.0,1,1.0,0.0,0.0,0.66,0,0,0.0,3.625
H686,3,Female,0.8,0.8,0.8,0.0,0.0,0,1.0,0.3333333333333333,1.0,2.34,0,0,0.0,5.9
H687,7,Male,0.4624999999999999,0.8,0.2,0.0,0.5,0,0.5,0.3333333333333333,0.0,1.8,0,0,0.0,2.575
H688,3,Male,0.48749999999999993,0.6000000000000001,0.4000000000000001,0.0,0.5,0,0.5,1.0,0.0,4.14,2,0,0.0,3.5250000000000004
H689,3,Female,0.1375,0.6000000000000001,0.8,1.0,1.0,0,1.0,0.0,0.0,4.1,1,0,0.0,5.225
H690,5,Male,0.07500000000000001,0.4000000000000001,0.4000000000000001,0.0,0.0,0,1.0,0.0,0.0,2.56,1,0,0.0,3.85
H691,7,Female,0.7250000000000001,0.4000000000000001,0.4000000000000001,0.0,1.0,1,1.0,0.0,0.0,3.23,1,0,0.0,2.55
H692,7,Female,0.5,0.0,0.8,0.0,1.0,1,1.0,0.0,0.0,3.22,1,0,0.0,3.0
H693,6,Female,0.4375,0.0,0.8,0.0,0.0,0,1.0,1.0,0.0,4.22,0,0,0.0,4.625
H694,3,Female,0.7250000000000001,0.6000000000000001,0.0,1.0,1.0,0,1.0,0.6666666666666666,0.0,2.41,2,0,0.0,5.05
H695,3,Male,0.7625000000000002,1.0000000000000002,0.4000000000000001,0.0,0.5,1,0.0,0.0,0.0,1.74,0,1,0.98,2.925
H696,4,Male,0.16250000000000003,1.0000000000000002,0.6000000000000001,1.0,1.0,0,1.0,1.0,0.0,1.69,2,0,0.0,6.675
H697,6,Male,0.6124999999999999,0.6000000000000001,0.4000000000000001,1.0,0.0,0,0.5,0.6666666666666666,0.0,2.91,1,0,0.0,4.275
H698,4,Male,0.1375,0.0,0.4000000000000001,1.0,0.0,1,0.5,0.6666666666666666,0.0,2.52,2,0,0.0,5.225
H699,4,Female,0.75,0.0,0.8,0.0,0.5,1,0.5,1.0,0.0,2.48,0,0,0.0,3.0
H700,4,Female,0.6625,1.0000000000000002,0.4000000000000001,1.0,0.0,1,1.0,0.0,0.0,0.91,0,0,0.0,4.175
H701,5,Male,0.9624999999999999,0.2,1.0000000000000002,0.0,0.0,1,0.5,0.6666666666666666,0.0,3.73,1,1,0.46,3.2250000000000005
H702,5,Female,0.07500000000000001,0.2,0.4000000000000001,0.0,0.5,1,0.0,0.0,0.0,1.46,0,0,0.0,1.85
H703,4,Female,0.0625,0.0,1.0000000000000002,0.0,1.0,0,1.0,0.0,0.0,1.39,0,0,0.0,3.875
H704,6,Female,0.2875,0.2,0.6000000000000001,0.0,0.5,0,0.5,0.3333333333333333,0.0,2.36,2,0,0.0,2.925
H705,3,Male,0.26249999999999996,0.8,0.8,0.0,1.0,0,0.0,0.0,0.0,1.53,0,0,0.0,1.475
H706,6,Male,0.25,0.6000000000000001,0.4000000000000001,1.0,0.5,0,0.0,0.3333333333333333,0.0,3.13,1,0,0.0,3.5
H707,7,Male,0.9125000000000001,0.6000000000000001,1.0000000000000002,1.0,1.0,0,0.5,0.6666666666666666,0.0,2.17,1,1,0.67,5.35
H708,5,Female,0.25,0.0,1.0000000000000002,0.0,0.5,0,0.0,1.0,0.0,2.52,0,0,0.0,3.0
H709,3,Male,0.275,0.4000000000000001,1.0000000000000002,1.0,1.0,0,0.5,0.3333333333333333,0.0,2.92,1,0,0.0,4.45
H710,3,Male,0.7625000000000002,1.0000000000000002,0.2,0.0,0.5,0,0.0,1.0,0.0,1.42,2,0,0.0,1.9749999999999996
H711,7,Male,0.45000000000000007,0.0,0.0,1.0,1.0,0,1.0,0.6666666666666666,0.0,1.2,2,0,0.0,5.6
H712,7,Male,0.7749999999999999,0.2,0.6000000000000001,1.0,0.5,0,1.0,0.0,0.0,4.46,0,0,0.0,3.95
H713,4,Male,0.0625,1.0000000000000002,0.4000000000000001,1.0,0.0,0,1.0,0.6666666666666666,0.0,2.45,0,1,0.9,8.625
H714,5,Male,0.48749999999999993,0.4000000000000001,0.2,1.0,1.0,1,1.0,1.0,0.0,2.35,2,0,0.0,6.025
H715,5,Female,0.03750000000000003,0.2,0.4000000000000001,1.0,0.5,0,1.0,0.6666666666666666,0.0,0.66,1,0,0.0,6.425
H716,6,Female,0.0625,0.8,0.4000000000000001,0.0,1.0,0,0.5,0.0,0.0,2.74,0,0,0.0,2.875
H717,4,Male,0.9125000000000001,0.2,0.8,0.0,1.0,1,1.0,0.6666666666666666,0.0,2.99,0,0,0.0,3.175
H718,4,Male,0.1375,0.8,0.8,1.0,0.5,0,1.0,0.0,0.0,3.01,1,0,0.0,5.225
H719,4,Female,0.5375,1.0000000000000002,0.8,0.0,1.0,0,1.0,0.3333333333333333,0.0,3.68,0,0,0.0,3.425
H720,4,Female,0.4125000000000001,0.8,0.2,1.0,0.5,0,1.0,1.0,0.0,1.3,1,0,0.0,6.175
H721,5,Male,0.35,1.0000000000000002,0.4000000000000001,0.0,0.0,0,0.0,0.0,1.0,1.64,1,1,0.69,6.0249999999999995
H722,5,Male,0.9000000000000001,1.0000000000000002,0.0,1.0,1.0,1,1.0,0.0,0.0,4.15,1,0,0.0,3.6999999999999997
H723,4,Male,0.025000000000000022,1.0000000000000002,0.6000000000000001,1.0,0.0,0,1.0,0.6666666666666666,0.0,4.76,1,0,0.0,6.45
H724,6,Male,0.6625,1.0000000000000002,0.8,1.0,1.0,0,0.5,0.3333333333333333,0.0,1.11,1,0,0.0,3.675
H725,3,Female,0.9624999999999999,1.0000000000000002,0.8,0.0,1.0,0,0.0,0.0,1.0,2.74,2,0,0.0,3.075
H726,3,Male,0.5625,0.2,0.4000000000000001,0.0,1.0,0,0.5,0.3333333333333333,0.0,1.46,1,0,0.0,2.375
H727,6,Male,0.9375,1.0000000000000002,0.4000000000000001,1.0,0.5,0,1.0,0.3333333333333333,0.0,0.77,2,0,0.0,4.125
H728,4,Male,0.04999999999999999,0.2,0.2,1.0,0.0,0,0.5,0.6666666666666666,0.0,1.96,1,0,0.0,5.4
H729,5,Male,0.42500000000000004,1.0000000000000002,0.2,0.0,1.0,0,0.5,0.0,0.0,1.15,0,1,0.49,3.375
H730,3,Female,0.26249999999999996,0.8,0.8,0.0,0.5,0,1.0,0.6666666666666666,1.0,3.69,2,0,0.0,7.475
H731,7,Female,0.7250000000000001,1.0000000000000002,0.4000000000000001,0.0,1.0,0,0.0,1.0,0.0,2.9,0,1,0.51,3.3249999999999997
H732,7,Female,0.9875,0.4000000000000001,0.0,0.0,0.5,0,0.0,1.0,0.0,1.15,1,0,0.0,1.525
H733,6,Male,0.26249999999999996,1.0000000000000002,0.6000000000000001,0.0,1.0,0,0.5,0.0,1.0,0.54,1,0,0.0,5.475
H734,4,Male,0.6499999999999999,1.0000000000000002,0.4000000000000001,1.0,0.0,1,1.0,0.3333333333333333,0.0,4.14,0,0,0.0,4.7
H735,3,Female,0.19999999999999996,0.8,0.4000000000000001,0.0,0.0,0,0.5,0.0,0.0,1.29,1,0,0.0,2.6
H736,4,Male,0.5625,0.6000000000000001,1.0000000000000002,1.0,1.0,0,0.5,0.0,0.0,3.23,0,0,0.0,3.375
H737,3,Male,0.4624999999999999,0.8,0.2,1.0,0.5,0,0.5,1.0,0.0,2.02,1,0,0.0,5.075
H738,6,Female,0.9750000000000001,0.4000000000000001,0.6000000000000001,0.0,1.0,0,1.0,1.0,0.0,3.13,1,0,0.0,3.55
H739,6,Female,0.6124999999999999,0.6000000000000001,0.8,0.0,0.5,1,1.0,0.3333333333333333,0.0,1.92,2,0,0.0,3.2750000000000004
H740,7,Female,0.35,0.0,0.4000000000000001,1.0,1.0,0,0.0,0.3333333333333333,0.0,0.89,0,0,0.0,3.3
H741,4,Female,0.11249999999999999,0.0,0.8,0.0,0.5,1,1.0,0.0,0.0,1.5,1,1,0.79,5.75
H742,7,Male,0.15000000000000002,0.4000000000000001,0.4000000000000001,1.0,0.0,0,0.5,0.6666666666666666,0.0,1.35,0,0,0.0,5.2
H743,4,Male,0.22499999999999998,0.8,0.8,0.0,1.0,1,0.5,0.0,0.0,2.43,2,0,0.0,2.55
H744,7,Female,0.25,0.2,0.6000000000000001,0.0,0.0,0,0.0,0.3333333333333333,1.0,3.46,0,0,0.0,5.0
H745,5,Male,0.8500000000000001,0.4000000000000001,0.2,0.0,0.0,1,1.0,0.6666666666666666,0.0,1.69,2,0,0.0,3.3
H746,5,Female,0.5625,0.6000000000000001,0.6000000000000001,1.0,1.0,0,0.5,1.0,0.0,0.55,0,0,0.0,4.875
H747,5,Female,0.525,0.6000000000000001,1.0000000000000002,0.0,1.0,0,0.0,0.3333333333333333,1.0,2.84,0,0,0.0,4.45
H748,5,Male,0.11249999999999999,1.0000000000000002,0.0,1.0,0.5,0,0.0,0.3333333333333333,0.0,3.23,2,0,0.0,3.775
H749,3,Female,0.8625,0.0,0.2,0.0,0.5,0,0.5,0.6666666666666666,0.0,4.83,1,1,0.46,3.425
H750,5,Male,0.7250000000000001,0.6000000000000001,0.6000000000000001,1.0,0.0,1,0.5,0.3333333333333333,0.0,3.15,1,0,0.0,3.55
H751,6,Male,0.0625,0.4000000000000001,1.0000000000000002,0.0,0.5,0,1.0,0.3333333333333333,0.0,2.62,1,0,0.0,4.375
H752,6,Male,0.7125,0.6000000000000001,0.0,1.0,0.5,0,0.0,0.3333333333333333,0.0,3.08,0,0,0.0,2.575
H753,3,Male,0.5375,0.4000000000000001,1.0000000000000002,1.0,1.0,0,0.5,0.3333333333333333,1.0,4.68,0,0,0.0,6.925
H754,5,Female,0.08750000000000002,0.2,0.4000000000000001,1.0,0.5,0,0.0,0.3333333333333333,0.0,4.23,1,0,0.0,3.825
H755,5,Male,0.4624999999999999,1.0000000000000002,0.4000000000000001,1.0,0.0,0,1.0,0.3333333333333333,0.0,1.95,0,0,0.0,5.075
H756,5,Female,0.48749999999999993,0.0,0.8,1.0,0.5,0,0.5,0.3333333333333333,0.0,1.57,0,0,0.0,4.025
H757,7,Female,0.16250000000000003,0.6000000000000001,0.2,1.0,0.0,0,1.0,0.3333333333333333,0.0,1.68,1,0,0.0,5.675
H758,4,Female,0.95,0.4000000000000001,0.4000000000000001,0.0,1.0,1,0.0,1.0,0.0,2.77,2,0,0.0,1.6
H759,7,Female,0.8500000000000001,0.8,1.0000000000000002,1.0,0.0,0,1.0,0.3333333333333333,0.0,3.85,0,0,0.0,4.3
H760,4,Male,0.675,0.0,0.2,1.0,0.5,0,1.0,1.0,0.0,2.76,0,1,0.64,7.25
H761,5,Male,0.4624999999999999,0.2,0.4000000000000001,1.0,1.0,1,0.0,1.0,0.0,0.81,0,1,0.46,5.2250000000000005
H762,5,Female,0.4125000000000001,0.4000000000000001,0.8,0.0,0.5,0,1.0,0.0,0.0,3.76,0,0,0.0,3.175
H763,7,Female,0.6499999999999999,1.0000000000000002,0.6000000000000001,0.0,1.0,0,0.0,0.0,0.0,4.13,2,0,0.0,0.7000000000000002
H764,7,Male,0.55,1.0000000000000002,0.8,0.0,1.0,0,0.5,1.0,0.0,1.8,1,0,0.0,3.4
H765,4,Female,0.0625,0.2,0.0,1.0,0.5,0,0.0,1.0,0.0,3.49,0,0,0.0,4.875
H766,6,Male,0.5125,0.2,0.4000000000000001,0.0,0.5,0,0.0,0.3333333333333333,0.0,2.42,1,0,0.0,1.475
H767,4,Female,0.8125,1.0000000000000002,0.0,0.0,1.0,1,0.5,0.0,0.0,4.5,0,0,0.0,1.375
H768,7,Male,0.4624999999999999,0.6000000000000001,0.0,1.0,1.0,0,0.0,0.6666666666666666,1.0,4.3,2,0,0.0,6.575
H769,7,Female,0.04999999999999999,0.6000000000000001,1.0000000000000002,1.0,0.5,0,0.5,0.0,0.0,2.86,1,0,0.0,4.4
H770,3,Female,0.7874999999999999,0.4000000000000001,0.2,0.0,0.0,1,0.5,1.0,1.0,3.61,2,0,0.0,5.925000000000001
H771,7,Male,0.19999999999999996,0.8,1.0000000000000002,1.0,0.5,1,0.0,1.0,0.0,4.48,0,0,0.0,4.6
H772,3,Female,0.26249999999999996,0.4000000000000001,0.4000000000000001,1.0,1.0,0,1.0,0.3333333333333333,1.0,2.73,2,0,0.0,8.475
H773,6,Female,0.16250000000000003,0.8,0.0,1.0,0.5,0,1.0,0.3333333333333333,0.0,1.91,2,0,0.0,5.675
H774,4,Male,0.32500000000000007,0.2,0.6000000000000001,1.0,0.0,0,0.5,0.0,1.0,3.89,0,0,0.0,6.85
H775,4,Female,0.7625000000000002,0.0,0.0,0.0,0.5,1,1.0,0.3333333333333333,0.0,1.49,0,0,0.0,2.9749999999999996
H776,3,Male,0.525,0.4000000000000001,0.6000000000000001,1.0,1.0,1,1.0,0.6666666666666666,0.0,2.25,1,0,0.0,5.45
H777,4,Male,0.19999999999999996,0.4000000000000001,1.0000000000000002,0.0,0.5,0,0.0,0.6666666666666666,1.0,4.4,0,1,0.65,7.225
H778,7,Female,0.875,0.8,1.0000000000000002,0.0,1.0,0,0.5,0.3333333333333333,0.0,3.76,1,0,0.0,1.75
H779,5,Female,0.875,0.2,0.2,0.0,1.0,0,0.5,0.6666666666666666,0.0,2.32,2,0,0.0,2.25
H780,3,Female,0.875,0.2,0.0,0.0,0.5,1,0.0,0.6666666666666666,0.0,1.47,2,0,0.0,1.25
H781,4,Female,0.23750000000000004,0.8,0.8,1.0,1.0,0,1.0,0.0,1.0,2.1,1,0,0.0,8.025
H782,3,Female,0.45000000000000007,0.2,1.0000000000000002,1.0,1.0,0,0.5,0.6666666666666666,0.0,1.78,0,0,0.0,4.6
H783,3,Female,0.9875,1.0000000000000002,1.0000000000000002,1.0,0.0,1,1.0,1.0,0.0,1.29,0,0,0.0,5.025
H784,5,Female,0.7749999999999999,0.6000000000000001,0.2,0.0,0.0,0,0.5,1.0,0.0,3.84,2,0,0.0,2.95
H785,7,Male,0.025000000000000022,1.0000000000000002,0.6000000000000001,0.0,0.0,0,0.5,0.0,0.0,1.63,1,1,0.57,4.375
H786,3,Female,0.0625,0.0,0.2,0.0,0.0,0,0.5,0.3333333333333333,0.0,2.54,2,0,0.0,3.375
H787,4,Male,0.4624999999999999,0.4000000000000001,0.0,1.0,1.0,0,0.5,0.0,0.0,2.24,2,0,0.0,3.575
H788,6,Female,0.9125000000000001,0.0,0.4000000000000001,0.0,0.5,0,1.0,0.3333333333333333,0.0,4.92,0,0,0.0,2.675
H789,3,Female,0.5375,0.4000000000000001,0.4000000000000001,1.0,1.0,0,1.0,0.3333333333333333,1.0,2.26,1,0,0.0,7.925
H790,3,Male,0.5,0.6000000000000001,0.6000000000000001,1.0,1.0,0,1.0,0.3333333333333333,0.0,0.86,2,0,0.0,5.0
H791,5,Female,0.10000000000000003,0.2,1.0000000000000002,1.0,1.0,1,1.0,0.3333333333333333,0.0,0.9,0,0,0.0,5.8
H792,7,Female,0.6625,1.0000000000000002,0.6000000000000001,1.0,0.5,0,0.0,0.3333333333333333,0.0,3.16,2,0,0.0,2.675
H793,6,Male,0.825,0.8,1.0000000000000002,0.0,0.0,0,0.5,0.0,0.0,3.2,2,1,0.69,3.075
H794,4,Female,0.375,1.0000000000000002,1.0000000000000002,1.0,1.0,0,0.5,0.3333333333333333,0.0,2.38,0,0,0.0,4.25
H795,6,Female,0.7749999999999999,0.6000000000000001,0.4000000000000001,0.0,1.0,1,0.5,0.6666666666666666,0.0,2.44,0,0,0.0,2.45
H796,4,Female,0.9624999999999999,0.0,0.6000000000000001,1.0,0.0,1,0.0,0.6666666666666666,0.0,0.74,1,0,0.0,2.575
H797,7,Male,0.19999999999999996,0.8,0.2,0.0,1.0,0,1.0,0.3333333333333333,0.0,2.82,2,0,0.0,4.1
H798,4,Female,0.525,0.2,1.0000000000000002,0.0,0.5,0,0.5,0.6666666666666666,0.0,2.77,1,0,0.0,2.95
H799,5,Female,0.2875,0.6000000000000001,0.8,1.0,1.0,0,1.0,1.0,0.0,1.17,0,0,0.0,6.425
H800,5,Female,0.7874999999999999,0.8,0.8,1.0,1.0,0,1.0,0.0,0.0,0.97,0,0,0.0,3.9250000000000003
H801,5,Female,0.5750000000000001,0.6000000000000001,0.2,1.0,0.0,0,0.0,0.0,0.0,1.06,2,0,0.0,2.3499999999999996
H802,5,Male,0.6375,0.6000000000000001,0.8,0.0,1.0,1,0.0,0.3333333333333333,0.0,0.95,1,0,0.0,1.225
H803,6,Male,0.8,0.2,0.0,1.0,1.0,1,1.0,0.3333333333333333,0.0,3.24,1,0,0.0,4.4
H804,7,Female,0.4,0.4000000000000001,1.0000000000000002,1.0,0.5,0,0.5,1.0,0.0,1.38,2,1,0.68,6.9
H805,4,Female,0.9125000000000001,0.8,0.2,0.0,0.0,1,0.5,0.3333333333333333,0.0,1.63,2,0,0.0,1.6749999999999998
H806,4,Male,0.5375,0.2,0.6000000000000001,1.0,0.0,1,0.0,0.6666666666666666,0.0,1.28,1,0,0.0,3.425
H807,5,Male,0.16250000000000003,0.6000000000000001,1.0000000000000002,0.0,0.5,0,0.0,1.0,0.0,4.81,0,0,0.0,3.175
H808,5,Female,0.7,0.2,0.2,1.0,1.0,0,0.0,0.6666666666666666,0.0,4.35,0,0,0.0,3.1
H809,3,Male,0.7874999999999999,0.4000000000000001,0.4000000000000001,0.0,0.0,1,0.0,0.0,0.0,1.54,2,0,0.0,0.42500000000000027
H810,7,Female,0.3125,1.0000000000000002,0.6000000000000001,0.0,0.0,0,0.0,0.6666666666666666,1.0,1.97,1,0,0.0,5.375
H811,6,Male,0.8625,0.8,0.4000000000000001,1.0,1.0,1,0.0,0.0,1.0,1.44,1,0,0.0,4.775
H812,4,Male,0.9000000000000001,0.4000000000000001,1.0000000000000002,0.0,1.0,1,0.0,0.6666666666666666,0.0,2.71,1,1,0.47,2.3749999999999996
H813,3,Male,0.275,0.0,0.6000000000000001,1.0,0.0,0,0.5,0.0,0.0,0.59,0,0,0.0,3.95
H814,3,Male,0.9875,0.8,0.8,1.0,1.0,1,0.0,0.3333333333333333,0.0,3.52,0,0,0.0,2.025
H815,4,Female,0.1375,0.4000000000000001,0.2,0.0,0.0,1,0.0,0.6666666666666666,0.0,2.85,1,0,0.0,2.725
H816,6,Male,0.19999999999999996,0.6000000000000001,1.0000000000000002,1.0,1.0,0,0.5,0.0,0.0,4.54,1,0,0.0,4.1
H817,3,Male,0.1875,0.8,0.0,0.0,1.0,0,0.5,0.6666666666666666,0.0,1.24,2,0,0.0,3.625
H818,3,Female,0.9000000000000001,0.8,0.6000000000000001,0.0,0.5,0,1.0,1.0,0.0,4.12,2,0,0.0,3.6999999999999997
H819,7,Male,0.6499999999999999,0.2,0.6000000000000001,0.0,1.0,0,0.0,0.3333333333333333,0.0,4.06,1,0,0.0,1.2000000000000002
H820,6,Male,0.15000000000000002,0.6000000000000001,1.0000000000000002,0.0,0.5,0,0.0,0.0,0.0,1.07,1,0,0.0,1.7
H821,3,Female,0.4375,0.0,1.0000000000000002,0.0,1.0,0,0.0,1.0,0.0,2.29,0,0,0.0,2.625
H822,6,Male,0.6124999999999999,1.0000000000000002,0.4000000000000001,0.0,0.0,0,0.0,0.6666666666666666,0.0,1.27,1,0,0.0,1.7750000000000001
H823,4,Female,0.08750000000000002,0.4000000000000001,0.8,0.0,0.0,0,1.0,1.0,0.0,1.65,2,0,0.0,5.325
H824,5,Female,0.8875,0.2,0.4000000000000001,0.0,1.0,1,0.5,0.6666666666666666,0.0,1.68,0,0,0.0,2.225
H825,3,Female,0.8,0.4000000000000001,0.4000000000000001,1.0,1.0,1,0.5,0.3333333333333333,0.0,3.0,2,0,0.0,3.4
H826,7,Female,0.5,0.0,0.8,1.0,0.0,1,0.0,1.0,0.0,2.35,2,0,0.0,4.0
H827,4,Male,0.9624999999999999,0.0,0.0,0.0,1.0,0,0.0,0.3333333333333333,0.0,4.76,0,0,0.0,0.5750000000000002
H828,6,Female,0.4125000000000001,0.8,0.4000000000000001,1.0,0.5,1,0.0,0.0,0.0,1.07,2,0,0.0,2.675
H829,4,Male,0.9875,0.0,0.4000000000000001,1.0,0.5,1,1.0,0.6666666666666666,0.0,4.88,1,1,0.78,6.4750000000000005
H830,3,Male,0.6625,0.4000000000000001,0.6000000000000001,1.0,0.5,0,1.0,0.6666666666666666,0.0,1.54,2,0,0.0,5.175
H831,6,Male,0.6375,0.6000000000000001,0.8,1.0,0.5,0,0.5,0.3333333333333333,1.0,3.98,0,0,0.0,6.725
H832,5,Male,0.16250000000000003,0.6000000000000001,0.2,1.0,0.5,0,0.0,0.3333333333333333,0.0,2.03,0,0,0.0,3.675
H833,4,Male,0.8875,0.8,0.0,1.0,1.0,1,0.0,0.0,0.0,1.14,0,0,0.0,1.725
H834,3,Male,0.42500000000000004,1.0000000000000002,0.0,0.0,1.0,0,0.0,1.0,0.0,4.36,2,0,0.0,2.65
H835,7,Male,0.16250000000000003,0.4000000000000001,0.8,1.0,0.5,0,0.0,0.6666666666666666,1.0,1.89,1,0,0.0,7.175
H836,6,Male,0.012500000000000011,0.4000000000000001,1.0000000000000002,1.0,1.0,0,1.0,0.6666666666666666,0.0,3.46,0,0,0.0,6.475
H837,4,Male,0.5625,0.0,1.0000000000000002,1.0,1.0,0,0.5,0.0,1.0,3.05,1,0,0.0,6.375
H838,4,Male,0.525,0.4000000000000001,0.6000000000000001,1.0,0.5,0,0.5,0.0,0.0,2.62,0,0,0.0,3.45
H839,5,Female,0.7250000000000001,0.2,0.6000000000000001,0.0,1.0,0,1.0,0.3333333333333333,0.0,2.73,1,0,0.0,3.05
H840,5,Female,0.8875,1.0000000000000002,0.8,0.0,1.0,0,0.0,0.3333333333333333,1.0,3.8,1,0,0.0,3.725
H841,7,Female,0.07500000000000001,0.0,0.6000000000000001,0.0,1.0,1,0.5,1.0,0.0,0.89,1,0,0.0,4.35
H842,7,Male,0.7375,0.2,0.0,0.0,0.5,0,0.5,0.0,0.0,3.51,0,0,0.0,1.525
H843,3,Female,0.1875,0.8,0.0,1.0,1.0,0,1.0,1.0,0.0,4.53,2,0,0.0,6.625
H844,3,Female,0.8625,0.6000000000000001,0.2,0.0,0.0,0,0.0,0.0,0.0,0.76,2,1,0.41,1.2999999999999998
H845,7,Female,0.825,0.8,1.0000000000000002,0.0,0.0,0,0.5,0.6666666666666666,0.0,1.13,2,0,0.0,2.35
H846,7,Male,0.5375,0.6000000000000001,0.8,0.0,0.5,0,0.0,0.0,0.0,3.72,1,0,0.0,0.925
H847,6,Male,0.7125,0.8,0.4000000000000001,0.0,0.0,0,0.5,0.0,0.0,2.47,0,0,0.0,1.575
H848,5,Male,0.3125,0.4000000000000001,1.0000000000000002,1.0,0.5,1,1.0,0.6666666666666666,0.0,2.32,1,0,0.0,5.875
H849,3,Male,0.475,0.2,0.4000000000000001,0.0,0.0,1,0.0,0.0,1.0,1.12,0,0,0.0,4.05
H850,5,Female,0.825,0.6000000000000001,0.2,1.0,0.0,1,1.0,1.0,0.0,2.78,1,0,0.0,5.35
H851,5,Female,0.4624999999999999,0.0,0.2,0.0,0.0,0,0.5,0.3333333333333333,0.0,1.07,0,0,0.0,2.575
H852,7,Female,0.36250000000000004,0.2,0.6000000000000001,1.0,0.5,0,1.0,0.3333333333333333,0.0,2.64,0,0,0.0,5.275
H853,6,Female,0.5,0.0,0.2,1.0,0.5,1,1.0,1.0,0.0,3.94,0,0,0.0,6.0
H854,4,Male,0.825,0.2,0.2,0.0,1.0,0,1.0,0.6666666666666666,0.0,1.66,1,1,0.98,5.800000000000001
H855,6,Male,0.3374999999999999,0.2,0.4000000000000001,0.0,0.5,0,0.5,0.0,1.0,2.66,2,0,0.0,5.325
H856,6,Male,0.17500000000000004,0.8,0.6000000000000001,0.0,0.0,0,0.0,1.0,0.0,4.96,1,0,0.0,3.15
H857,5,Female,0.7125,0.6000000000000001,0.2,0.0,0.0,0,1.0,0.3333333333333333,0.0,3.59,1,0,0.0,3.075
H858,6,Male,0.825,0.6000000000000001,1.0000000000000002,1.0,0.5,0,0.0,0.3333333333333333,0.0,4.29,0,0,0.0,2.35
H859,3,Male,0.10000000000000003,0.2,0.2,1.0,0.5,1,0.5,1.0,0.0,2.37,0,0,0.0,5.8
H860,5,Female,0.23750000000000004,0.4000000000000001,0.6000000000000001,0.0,0.5,0,0.0,0.3333333333333333,1.0,3.96,2,0,0.0,5.025
H861,3,Female,0.1375,0.4000000000000001,0.8,0.0,1.0,0,1.0,1.0,0.0,0.68,2,0,0.0,5.225
H862,4,Male,0.35,0.0,0.6000000000000001,1.0,0.0,1,1.0,0.3333333333333333,0.0,1.05,0,0,0.0,5.3
H863,5,Male,0.45000000000000007,0.0,0.4000000000000001,0.0,1.0,1,1.0,1.0,0.0,1.41,2,0,0.0,4.6
H864,4,Male,0.75,0.8,0.8,1.0,1.0,0,1.0,0.0,0.0,2.31,2,0,0.0,4.0
H865,5,Male,0.6499999999999999,0.2,1.0000000000000002,0.0,0.0,0,1.0,0.0,0.0,4.31,0,1,0.98,5.15
H866,7,Male,0.625,0.0,0.0,1.0,0.0,1,1.0,0.0,0.0,2.06,1,0,0.0,4.25
H867,6,Male,0.35,0.0,0.6000000000000001,1.0,0.5,1,0.5,0.0,0.0,3.45,2,0,0.0,3.8
H868,7,Female,0.8374999999999999,1.0000000000000002,0.4000000000000001,1.0,0.5,0,0.5,0.3333333333333333,0.0,3.69,0,0,0.0,3.325
H869,4,Female,0.475,0.2,1.0000000000000002,1.0,1.0,1,0.5,0.6666666666666666,0.0,3.14,2,1,0.71,6.324999999999999
H870,6,Female,0.9750000000000001,0.8,0.8,1.0,0.5,0,0.0,1.0,1.0,2.11,2,0,0.0,6.05
H871,5,Male,0.6375,0.0,1.0000000000000002,0.0,0.5,0,0.0,0.6666666666666666,1.0,3.1,0,0,0.0,4.725
H872,6,Female,0.125,0.8,0.6000000000000001,1.0,0.0,0,0.5,0.3333333333333333,0.0,2.04,2,1,0.82,6.8
H873,3,Male,0.675,0.6000000000000001,0.2,0.0,0.0,0,0.0,0.3333333333333333,0.0,0.88,2,0,0.0,1.15
H874,6,Male,0.32500000000000007,0.8,0.6000000000000001,1.0,0.5,1,0.0,0.6666666666666666,0.0,4.97,2,0,0.0,3.8499999999999996
H875,3,Female,0.6875,0.4000000000000001,0.0,1.0,0.0,0,1.0,0.6666666666666666,0.0,1.07,1,0,0.0,5.125
H876,6,Male,0.07500000000000001,0.4000000000000001,0.6000000000000001,0.0,0.5,0,1.0,0.3333333333333333,0.0,0.83,1,0,0.0,4.35
H877,3,Male,0.17500000000000004,0.8,0.8,0.0,0.0,0,0.0,0.3333333333333333,0.0,4.45,2,0,0.0,2.15
H878,4,Female,0.8500000000000001,0.4000000000000001,0.8,0.0,0.0,0,0.0,1.0,1.0,1.86,0,0,0.0,4.8
H879,7,Female,0.22499999999999998,0.6000000000000001,0.6000000000000001,0.0,0.0,0,0.5,0.0,1.0,3.43,2,0,0.0,5.55
H880,5,Female,0.8374999999999999,0.2,0.8,1.0,0.0,0,0.0,0.0,0.0,1.98,2,0,0.0,1.8250000000000002
H881,6,Male,0.275,0.4000000000000001,0.2,0.0,0.5,0,1.0,1.0,0.0,2.26,1,0,0.0,4.95
H882,7,Female,0.6375,0.4000000000000001,1.0000000000000002,1.0,1.0,1,0.0,0.6666666666666666,0.0,1.68,1,0,0.0,3.225
H883,5,Female,0.7,0.8,0.6000000000000001,0.0,0.0,0,0.5,0.3333333333333333,0.0,2.04,1,0,0.0,2.1
H884,5,Male,0.5125,0.6000000000000001,0.2,0.0,0.5,0,1.0,0.6666666666666666,0.0,2.35,2,0,0.0,3.975
H885,3,Female,0.30000000000000004,0.2,1.0000000000000002,1.0,0.5,1,1.0,0.0,0.0,3.74,2,0,0.0,4.9
H886,4,Female,0.21250000000000002,0.8,1.0000000000000002,1.0,0.0,0,1.0,0.0,1.0,2.8,0,0,0.0,8.075
H887,4,Female,0.03750000000000003,0.8,0.2,0.0,1.0,0,1.0,0.6666666666666666,0.0,4.75,2,0,0.0,4.925
H888,7,Male,0.30000000000000004,1.0000000000000002,0.4000000000000001,1.0,0.0,1,0.0,0.0,0.0,0.69,2,0,0.0,2.9
H889,4,Male,0.6499999999999999,0.6000000000000001,0.6000000000000001,1.0,0.5,0,0.5,0.3333333333333333,0.0,2.76,1,0,0.0,3.7
H890,6,Male,0.9375,0.2,1.0000000000000002,1.0,1.0,0,0.0,1.0,0.0,3.13,1,0,0.0,3.125
H891,4,Male,0.875,0.6000000000000001,1.0000000000000002,1.0,0.5,0,0.0,0.6666666666666666,0.0,4.64,1,0,0.0,2.75
H892,7,Female,0.7625000000000002,0.2,0.8,1.0,0.0,0,1.0,0.3333333333333333,1.0,0.72,1,0,0.0,7.475
H893,4,Male,0.7874999999999999,0.6000000000000001,1.0000000000000002,1.0,1.0,1,0.5,0.3333333333333333,0.0,3.08,1,1,1.0,5.925000000000001
H894,6,Male,0.6625,0.8,0.2,1.0,0.5,0,1.0,0.0,0.0,4.34,0,0,0.0,4.175
H895,3,Female,0.26249999999999996,0.8,1.0000000000000002,1.0,0.5,1,0.0,0.3333333333333333,0.0,1.59,0,0,0.0,3.475
H896,7,Female,0.9125000000000001,0.0,0.4000000000000001,0.0,0.5,1,0.0,0.6666666666666666,0.0,4.44,0,0,0.0,1.1749999999999998
H897,3,Female,0.675,0.4000000000000001,0.6000000000000001,1.0,0.0,0,1.0,0.3333333333333333,0.0,0.59,1,0,0.0,4.65
H898,3,Male,0.5625,1.0000000000000002,0.6000000000000001,0.0,1.0,0,0.0,1.0,0.0,3.8,1,0,0.0,2.375
H899,3,Male,0.11249999999999999,0.6000000000000001,1.0000000000000002,1.0,0.0,0,0.0,0.3333333333333333,0.0,4.7,1,0,0.0,3.775
H900,5,Male,0.45000000000000007,1.0000000000000002,0.0,1.0,0.0,0,1.0,0.3333333333333333,0.0,3.46,0,0,0.0,5.1
H901,5,Female,0.4624999999999999,0.0,0.0,1.0,0.0,0,0.0,1.0,0.0,2.48,1,0,0.0,4.075
H902,3,Female,0.8625,0.4000000000000001,0.2,1.0,1.0,1,0.5,0.3333333333333333,0.0,0.7,0,0,0.0,3.275
H903,7,Male,0.55,0.6000000000000001,0.0,0.0,0.0,1,1.0,0.3333333333333333,0.0,4.64,1,0,0.0,3.4
H904,6,Female,0.375,0.2,0.2,0.0,0.0,0,0.5,0.0,0.0,2.62,2,0,0.0,2.25
H905,6,Female,0.9750000000000001,0.4000000000000001,0.8,1.0,0.0,0,0.0,0.6666666666666666,0.0,0.63,0,0,0.0,2.55
H906,4,Female,0.11249999999999999,0.8,0.2,0.0,0.0,1,0.0,0.0,0.0,3.6,2,0,0.0,1.775
H907,7,Male,0.42500000000000004,0.0,0.0,1.0,0.5,0,1.0,0.6666666666666666,0.0,2.67,0,0,0.0,5.65
H908,5,Female,0.03750000000000003,0.4000000000000001,1.0000000000000002,1.0,0.0,1,0.0,1.0,0.0,1.06,1,0,0.0,4.925
H909,3,Female,0.7375,0.4000000000000001,0.8,0.0,0.5,0,1.0,1.0,0.0,1.46,1,0,0.0,4.025
H910,4,Male,0.9125000000000001,0.8,0.0,0.0,0.0,0,1.0,1.0,0.0,0.79,2,0,0.0,3.675
H911,6,Male,0.275,0.6000000000000001,0.2,1.0,1.0,1,1.0,0.6666666666666666,0.0,3.08,1,1,0.86,8.1
H912,5,Female,0.8625,0.2,0.4000000000000001,1.0,0.5,0,1.0,0.6666666666666666,0.0,3.3,0,0,0.0,4.775
H913,5,Female,0.2875,0.8,0.6000000000000001,0.0,0.5,1,1.0,0.6666666666666666,0.0,2.78,1,0,0.0,4.425
H914,3,Male,0.9125000000000001,0.2,0.0,1.0,0.5,1,0.5,1.0,0.0,4.18,1,0,0.0,4.175
H915,6,Male,0.75,0.6000000000000001,0.2,0.0,0.5,0,1.0,0.6666666666666666,0.0,4.37,0,0,0.0,3.5
H916,7,Female,0.8,0.4000000000000001,0.8,1.0,1.0,0,0.5,0.3333333333333333,0.0,3.27,2,0,0.0,3.4
H917,5,Female,0.012500000000000011,0.2,0.0,1.0,0.0,1,0.0,0.0,0.0,0.56,2,0,0.0,3.475
H918,3,Female,0.9624999999999999,0.0,0.0,0.0,0.5,1,1.0,1.0,1.0,3.63,1,0,0.0,6.575
H919,7,Female,0.7250000000000001,0.0,0.6000000000000001,0.0,1.0,0,0.0,0.0,0.0,2.38,0,0,0.0,0.5499999999999998
H920,6,Male,0.30000000000000004,0.8,0.2,0.0,0.5,1,1.0,0.3333333333333333,0.0,3.05,2,0,0.0,3.9
H921,5,Female,0.825,0.6000000000000001,0.4000000000000001,1.0,0.0,0,0.5,0.6666666666666666,0.0,3.42,2,0,0.0,3.85
H922,7,Female,0.2875,0.8,0.8,1.0,0.5,0,0.5,0.0,0.0,2.08,1,0,0.0,3.925
H923,7,Male,0.875,0.8,0.2,1.0,1.0,1,0.5,0.3333333333333333,0.0,4.63,0,0,0.0,3.25
H924,7,Female,0.11249999999999999,1.0000000000000002,0.8,1.0,0.0,0,0.0,0.3333333333333333,0.0,1.1,2,0,0.0,3.775
H925,5,Male,0.7,0.8,0.0,0.0,1.0,1,1.0,0.0,1.0,3.52,1,0,0.0,5.6
H926,5,Female,0.5375,1.0000000000000002,0.6000000000000001,1.0,0.0,0,0.0,1.0,1.0,0.52,1,0,0.0,6.925
H927,4,Female,0.10000000000000003,0.0,0.6000000000000001,1.0,0.0,0,0.5,0.0,0.0,4.66,1,0,0.0,4.3
H928,6,Male,0.23750000000000004,0.0,1.0000000000000002,1.0,0.0,0,0.0,1.0,0.0,1.01,1,0,0.0,4.525
H929,3,Male,0.012500000000000011,0.8,0.4000000000000001,0.0,0.5,0,0.5,0.6666666666666666,0.0,0.93,2,0,0.0,3.975
H930,7,Female,0.475,0.0,0.6000000000000001,1.0,1.0,0,0.5,1.0,0.0,2.0,0,0,0.0,5.05
H931,4,Female,0.30000000000000004,0.6000000000000001,0.0,1.0,1.0,0,0.5,0.6666666666666666,0.0,2.18,1,0,0.0,4.9
H932,3,Female,0.6000000000000001,1.0000000000000002,0.4000000000000001,0.0,1.0,0,1.0,0.0,0.0,1.46,1,0,0.0,2.8
H933,4,Male,0.30000000000000004,1.0000000000000002,0.2,1.0,0.0,0,1.0,0.6666666666666666,0.0,3.13,2,0,0.0,5.9
H934,5,Female,0.30000000000000004,0.8,0.6000000000000001,1.0,0.5,0,0.5,0.3333333333333333,0.0,2.49,1,0,0.0,4.4
H935,7,Male,0.7375,0.0,0.4000000000000001,0.0,0.0,1,0.0,0.6666666666666666,0.0,0.65,1,0,0.0,1.525
H936,3,Male,0.04999999999999999,0.2,0.0,1.0,1.0,0,0.0,1.0,1.0,1.94,0,0,0.0,7.9
H937,3,Female,0.9000000000000001,1.0000000000000002,1.0000000000000002,1.0,0.5,0,1.0,1.0,0.0,4.15,1,0,0.0,5.199999999999999
H938,3,Male,0.8500000000000001,0.8,0.8,1.0,0.5,0,0.5,1.0,0.0,3.6,2,0,0.0,4.3
H939,3,Female,0.6625,0.8,0.8,0.0,0.5,0,0.0,0.6666666666666666,0.0,3.76,0,0,0.0,1.675
H940,3,Female,0.5875,0.6000000000000001,0.0,1.0,1.0,0,0.5,1.0,0.0,3.64,2,1,0.65,6.45
H941,4,Female,0.8875,0.4000000000000001,0.0,1.0,0.5,0,0.0,1.0,0.0,1.9,0,0,0.0,3.225
H942,7,Female,0.1875,0.4000000000000001,0.8,0.0,0.5,0,1.0,0.3333333333333333,0.0,0.95,0,0,0.0,4.125
H943,5,Female,0.07500000000000001,1.0000000000000002,1.0000000000000002,0.0,0.0,1,0.5,0.6666666666666666,0.0,1.73,1,0,0.0,3.85
H944,5,Male,0.23750000000000004,0.6000000000000001,0.4000000000000001,1.0,0.0,1,0.5,0.3333333333333333,0.0,4.24,1,0,0.0,4.525
H945,5,Male,0.8,0.6000000000000001,0.8,1.0,0.5,0,0.0,1.0,0.0,4.91,1,0,0.0,3.4
H946,5,Female,0.03750000000000003,0.6000000000000001,0.0,1.0,0.5,0,0.0,1.0,0.0,2.72,2,0,0.0,4.925
H947,4,Female,0.5875,1.0000000000000002,0.6000000000000001,1.0,0.0,0,0.0,1.0,0.0,0.54,1,0,0.0,3.825
H948,6,Male,1.0,0.4000000000000001,0.2,0.0,0.0,0,0.5,0.6666666666666666,0.0,1.13,1,0,0.0,2.0
H949,7,Male,0.8500000000000001,0.6000000000000001,1.0000000000000002,1.0,0.0,0,1.0,0.0,0.0,1.95,0,0,0.0,3.8
H950,3,Male,0.525,0.0,1.0000000000000002,0.0,1.0,0,1.0,1.0,0.0,3.1,1,0,0.0,4.45
H951,6,Male,0.0625,0.8,0.6000000000000001,0.0,1.0,0,0.0,1.0,0.0,0.84,1,0,0.0,3.375
H952,5,Female,0.8374999999999999,0.8,0.6000000000000001,1.0,0.0,0,1.0,1.0,1.0,4.75,1,0,0.0,8.325
H953,6,Female,0.6000000000000001,0.2,0.0,1.0,0.5,0,0.0,1.0,0.0,2.14,1,1,0.55,5.175
H954,7,Male,0.11249999999999999,0.2,0.8,0.0,0.0,0,1.0,0.6666666666666666,0.0,4.61,0,0,0.0,4.775
H955,3,Female,0.10000000000000003,1.0000000000000002,0.4000000000000001,0.0,1.0,0,0.5,0.0,0.0,4.01,1,0,0.0,2.8
H956,3,Male,0.9125000000000001,1.0000000000000002,1.0000000000000002,1.0,0.5,0,0.0,0.0,0.0,3.9,0,0,0.0,1.6749999999999998
H957,7,Female,0.675,0.8,1.0000000000000002,0.0,1.0,0,1.0,0.0,0.0,3.23,2,0,0.0,2.65
H958,7,Male,0.825,0.0,0.6000000000000001,1.0,0.5,0,0.5,1.0,1.0,3.32,1,0,0.0,7.35
H959,5,Female,0.875,0.4000000000000001,0.8,1.0,1.0,0,1.0,1.0,0.0,3.37,1,0,0.0,5.25
H960,3,Male,0.5750000000000001,0.4000000000000001,1.0000000000000002,0.0,0.5,0,0.5,0.0,0.0,3.33,1,0,0.0,1.8499999999999999
H961,6,Male,0.5125,1.0000000000000002,0.4000000000000001,0.0,0.5,0,0.5,0.0,0.0,2.99,0,0,0.0,1.975
H962,4,Female,0.42500000000000004,0.0,0.6000000000000001,1.0,0.5,0,1.0,1.0,0.0,4.94,1,0,0.0,6.15
H963,4,Male,0.3125,1.0000000000000002,0.4000000000000001,0.0,0.5,0,1.0,1.0,1.0,3.8,1,0,0.0,7.875
H964,7,Female,0.4375,0.4000000000000001,0.8,1.0,1.0,0,0.5,0.3333333333333333,0.0,4.0,2,0,0.0,4.125
H965,5,Female,0.7749999999999999,1.0000000000000002,1.0000000000000002,1.0,1.0,0,0.5,0.3333333333333333,0.0,4.43,0,0,0.0,3.45
H966,4,Male,0.6000000000000001,0.6000000000000001,0.2,1.0,0.5,0,0.5,0.3333333333333333,0.0,1.47,0,0,0.0,3.8
H967,3,Female,0.8875,1.0000000000000002,1.0000000000000002,0.0,0.5,0,0.0,0.0,0.0,0.88,2,0,0.0,0.2250000000000001
H968,7,Female,0.4375,0.8,0.8,1.0,1.0,1,0.5,0.6666666666666666,0.0,2.67,0,1,0.76,6.525
H969,6,Female,0.6124999999999999,1.0000000000000002,1.0000000000000002,1.0,0.5,0,0.0,1.0,0.0,2.81,1,0,0.0,3.7750000000000004
H970,7,Female,0.6375,0.8,1.0000000000000002,1.0,0.5,0,0.5,0.3333333333333333,0.0,4.23,1,1,0.84,5.825
H971,6,Female,0.5875,0.0,0.0,1.0,0.5,1,0.0,0.6666666666666666,0.0,2.5,2,0,0.0,3.325
H972,7,Male,0.7,0.4000000000000001,1.0000000000000002,1.0,0.0,1,0.5,1.0,0.0,3.07,0,0,0.0,4.6
H973,7,Female,0.23750000000000004,0.2,1.0000000000000002,1.0,0.5,0,0.5,0.6666666666666666,0.0,2.87,0,0,0.0,5.025
H974,7,Female,0.5125,0.2,0.4000000000000001,1.0,0.0,0,0.5,0.0,0.0,0.67,0,1,0.5,4.725
H975,6,Female,0.10000000000000003,0.4000000000000001,0.2,1.0,0.5,0,1.0,0.0,0.0,3.27,2,0,0.0,5.3
H976,6,Female,0.38749999999999996,0.2,0.4000000000000001,1.0,1.0,0,1.0,0.0,0.0,4.23,1,0,0.0,4.725
H977,7,Female,0.48749999999999993,1.0000000000000002,0.4000000000000001,1.0,0.0,0,0.5,0.3333333333333333,1.0,1.21,2,0,0.0,7.025
H978,4,Male,0.6499999999999999,0.0,0.6000000000000001,1.0,0.0,0,0.0,1.0,0.0,3.17,1,0,0.0,3.7
H979,5,Female,0.95,0.0,0.0,0.0,0.5,0,0.0,0.0,1.0,3.17,2,0,0.0,3.1
H980,5,Male,0.6000000000000001,0.4000000000000001,0.4000000000000001,1.0,0.5,1,0.5,0.3333333333333333,1.0,1.24,1,0,0.0,6.8
H981,5,Male,0.7375,0.2,0.8,1.0,0.0,1,1.0,0.3333333333333333,0.0,1.06,0,0,0.0,4.525
H982,6,Male,0.5125,1.0000000000000002,0.8,1.0,1.0,0,0.0,0.3333333333333333,0.0,4.91,0,1,0.66,4.625
H983,6,Male,0.6375,0.0,1.0000000000000002,0.0,1.0,0,1.0,0.3333333333333333,0.0,2.27,0,0,0.0,3.225
H984,4,Female,0.07500000000000001,0.0,0.6000000000000001,1.0,0.5,0,0.0,0.0,0.0,1.52,2,0,0.0,3.35
H985,5,Male,0.25,0.6000000000000001,0.0,0.0,1.0,1,0.5,0.3333333333333333,0.0,1.27,2,1,0.83,5.074999999999999
H986,5,Male,0.36250000000000004,0.6000000000000001,0.0,1.0,1.0,0,1.0,0.0,0.0,3.5,2,0,0.0,4.775
H987,7,Female,0.475,0.0,1.0000000000000002,1.0,0.5,0,0.0,0.0,0.0,3.24,0,0,0.0,2.55
H988,6,Female,0.04999999999999999,0.4000000000000001,0.8,0.0,1.0,0,0.5,0.3333333333333333,0.0,3.4,1,0,0.0,3.4
H989,5,Female,0.1375,0.8,0.2,1.0,0.5,0,0.5,0.0,0.0,0.9,0,0,0.0,4.225
H990,4,Male,0.275,0.8,0.6000000000000001,0.0,0.0,0,0.5,1.0,0.0,4.52,0,0,0.0,3.95
H991,4,Female,0.9750000000000001,1.0000000000000002,1.0000000000000002,0.0,0.5,1,1.0,1.0,0.0,2.25,1,0,0.0,3.55
H992,5,Female,0.3374999999999999,0.0,0.6000000000000001,1.0,0.0,0,1.0,0.6666666666666666,0.0,1.91,1,0,0.0,5.825
H993,6,Male,0.48749999999999993,0.0,0.8,1.0,0.0,0,0.5,1.0,0.0,2.58,1,0,0.0,5.025
H994,4,Female,0.19999999999999996,0.0,0.8,1.0,1.0,0,1.0,0.0,0.0,2.26,1,0,0.0,5.1
H995,7,Female,0.6124999999999999,0.4000000000000001,0.2,1.0,1.0,0,0.0,0.0,1.0,4.39,0,0,0.0,5.275
H996,4,Female,0.275,0.6000000000000001,0.2,0.0,1.0,1,0.5,1.0,0.0,4.68,2,0,0.0,3.95
H997,3,Female,0.21250000000000002,0.0,0.0,0.0,0.5,1,0.5,0.3333333333333333,0.0,1.87,0,0,0.0,3.075
H998,3,Male,0.5125,0.0,0.6000000000000001,1.0,1.0,1,1.0,0.3333333333333333,0.0,4.39,1,0,0.0,4.975
H999,6,Female,0.0,0.2,0.6000000000000001,0.0,0.0,1,0.5,0.0,0.0,4.02,2,1,0.66,4.65
H1000,5,Female,0.012500000000000011,0.4000000000000001,0.8,0.0,1.0,0,0.0,0.3333333333333333,0.0,4.69,2,1,0.93,4.800000000000001
